Entity,Code,Year,Air pollution (outdoor & indoor)
Afghanistan,AFG,2009,41348.305
African Region (WHO),,2009,932183.06
Albania,ALB,2009,2149.5298
Algeria,DZA,2009,16922.734
American Samoa,ASM,2009,14.030662
Andorra,AND,2009,15.552909
Angola,AGO,2009,18851.969
Antigua and Barbuda,ATG,2009,25.03032
Argentina,ARG,2009,12583.174
Armenia,ARM,2009,3594.6294
Australia,AUS,2009,1682.3602
Austria,AUT,2009,3442.7341
Azerbaijan,AZE,2009,8177.4297
Bahamas,BHS,2009,79.61761
Bahrain,BHR,2009,427.01355
Bangladesh,BGD,2009,165122.73
Barbados,BRB,2009,129.36545
Belarus,BLR,2009,12890.856
Belgium,BEL,2009,4990.2075
Belize,BLZ,2009,88.76508
Benin,BEN,2009,11334.371
Bermuda,BMU,2009,9.16347
Bhutan,BTN,2009,633.58514
Bolivia,BOL,2009,5971.9595
Bosnia and Herzegovina,BIH,2009,5194.3667
Botswana,BWA,2009,1550.3998
Brazil,BRA,2009,67869.984
Brunei,BRN,2009,21.151636
Bulgaria,BGR,2009,13365.088
Burkina Faso,BFA,2009,22311.91
Burundi,BDI,2009,10116.685
Cambodia,KHM,2009,17058.648
Cameroon,CMR,2009,21942.291
Canada,CAN,2009,4699.688
Cape Verde,CPV,2009,279.5122
Central African Republic,CAF,2009,8037.461
Chad,TCD,2009,20108.58
Chile,CHL,2009,5088.469
China,CHN,2009,1843023.5
Colombia,COL,2009,15799.843
Comoros,COM,2009,679.94543
Congo,COG,2009,3534.0635
Cook Islands,COK,2009,3.0862942
Costa Rica,CRI,2009,757.53973
Cote d'Ivoire,CIV,2009,25436.885
Croatia,HRV,2009,4126.762
Cuba,CUB,2009,5416.3887
Cyprus,CYP,2009,476.56726
Czechia,CZE,2009,7712.808
Democratic Republic of Congo,COD,2009,79214.28
Denmark,DNK,2009,2156.4565
Djibouti,DJI,2009,562.21985
Dominica,DMA,2009,35.431614
Dominican Republic,DOM,2009,3714.377
East Asia & Pacific (WB),,2009,2468207.2
East Timor,TLS,2009,996.73773
Eastern Mediterranean Region (WHO),,2009,557950.8
Ecuador,ECU,2009,4211.757
Egypt,EGY,2009,80286.53
El Salvador,SLV,2009,2786.6892
England,,2009,16978.416
Equatorial Guinea,GNQ,2009,488.3616
Eritrea,ERI,2009,5361.145
Estonia,EST,2009,467.82114
Eswatini,SWZ,2009,1050.5769
Ethiopia,ETH,2009,92116.695
Europe & Central Asia (WB),,2009,606019.7
European Region (WHO),,2009,612252.94
Fiji,FJI,2009,667.09143
Finland,FIN,2009,751.4627
France,FRA,2009,18328.053
G20,,2009,4219408.5
Gabon,GAB,2009,923.84845
Gambia,GMB,2009,1838.4471
Georgia,GEO,2009,6558.5312
Germany,DEU,2009,37751.234
Ghana,GHA,2009,23179.87
Greece,GRC,2009,7580.5796
Greenland,GRL,2009,6.9218783
Grenada,GRD,2009,46.173283
Guam,GUM,2009,22.356682
Guatemala,GTM,2009,8573.086
Guinea,GIN,2009,16976.764
Guinea-Bissau,GNB,2009,2178.109
Guyana,GUY,2009,473.44287
Haiti,HTI,2009,12958.892
High Income (WB),,2009,389418.12
Honduras,HND,2009,4354.589
Hungary,HUN,2009,10912.79
Iceland,ISL,2009,24.902685
India,IND,2009,1461800.8
Indonesia,IDN,2009,189542.67
Iran,IRN,2009,37089.16
Iraq,IRQ,2009,22186.455
Ireland,IRL,2009,799.425
Israel,ISR,2009,2499.0142
Italy,ITA,2009,31914.035
Jamaica,JAM,2009,1135.9958
Japan,JPN,2009,32020.81
Jordan,JOR,2009,2023.7722
Kazakhstan,KAZ,2009,13186.468
Kenya,KEN,2009,28467.828
Kiribati,KIR,2009,150.93079
Kuwait,KWT,2009,1167.8628
Kyrgyzstan,KGZ,2009,5236.2246
Laos,LAO,2009,8525.093
Latin America & Caribbean (WB),,2009,220826.8
Latvia,LVA,2009,2175.2332
Lebanon,LBN,2009,3110.8618
Lesotho,LSO,2009,2899.862
Liberia,LBR,2009,3675.0864
Libya,LBY,2009,2620.058
Lithuania,LTU,2009,2296.1685
Low Income (WB),,2009,689898.75
Lower Middle Income (WB),,2009,3007963.5
Luxembourg,LUX,2009,136.42381
Madagascar,MDG,2009,23185.201
Malawi,MWI,2009,14823.666
Malaysia,MYS,2009,8890.999
Maldives,MDV,2009,82.12358
Mali,MLI,2009,22608.766
Malta,MLT,2009,190.74788
Marshall Islands,MHL,2009,36.015755
Mauritania,MRT,2009,2829.222
Mauritius,MUS,2009,557.2756
Mexico,MEX,2009,39489.176
Micronesia (country),FSM,2009,87.79721
Middle East & North Africa (WB),,2009,248123.7
Middle Income (WB),,2009,2464586
Moldova,MDA,2009,4152.735
Monaco,MCO,2009,21.941816
Mongolia,MNG,2009,2879.564
Montenegro,MNE,2009,822.807
Morocco,MAR,2009,23802.848
Mozambique,MOZ,2009,27578.486
Myanmar,MMR,2009,80969.27
Namibia,NAM,2009,1760.981
Nauru,NRU,2009,2.6268008
Nepal,NPL,2009,37110.234
Netherlands,NLD,2009,6023.985
New Zealand,NZL,2009,314.93228
Nicaragua,NIC,2009,2644.4448
Niger,NER,2009,24053.94
Nigeria,NGA,2009,209789.27
Niue,NIU,2009,0.63968474
North America (WB),,2009,78952.195
North Korea,PRK,2009,51142.1
North Macedonia,MKD,2009,3550.4229
Northern Ireland,,2009,431.03867
Northern Mariana Islands,MNP,2009,12.381788
Norway,NOR,2009,740.8256
OECD Countries,,2009,435750.7
Oman,OMN,2009,1391.9312
Pakistan,PAK,2009,233545.08
Palau,PLW,2009,2.6905234
Palestine,PSE,2009,1592.7985
Panama,PAN,2009,850.4862
Papua New Guinea,PNG,2009,10307.268
Paraguay,PRY,2009,2534.8677
Peru,PER,2009,11473.253
Philippines,PHL,2009,76012.66
Poland,POL,2009,36349.117
Portugal,PRT,2009,3194.7607
Puerto Rico,PRI,2009,345.34253
Qatar,QAT,2009,364.06042
Region of the Americas (WHO),,2009,299400.8
Romania,ROU,2009,22331.277
Russia,RUS,2009,127938.8
Rwanda,RWA,2009,8839.979
Saint Kitts and Nevis,KNA,2009,8.774918
Saint Lucia,LCA,2009,57.987324
Saint Vincent and the Grenadines,VCT,2009,50.85962
Samoa,WSM,2009,189.95505
San Marino,SMR,2009,4.9813538
Sao Tome and Principe,STP,2009,154.46605
Saudi Arabia,SAU,2009,14830.8125
Scotland,,2009,1270.3942
Senegal,SEN,2009,12267.081
Serbia,SRB,2009,16603.076
Seychelles,SYC,2009,29.561752
Sierra Leone,SLE,2009,10145.271
Singapore,SGP,2009,877.3595
Slovakia,SVK,2009,4380.1416
Slovenia,SVN,2009,997.37573
Solomon Islands,SLB,2009,1142.2539
Somalia,SOM,2009,25046.756
South Africa,ZAF,2009,36412.945
South Asia (WB),,2009,1954787
South Korea,KOR,2009,15660.914
South Sudan,SSD,2009,11031.891
South-East Asia Region (WHO),,2009,2040479.6
Spain,ESP,2009,13185.774
Sri Lanka,LKA,2009,15144.183
Sub-Saharan Africa (WB),,2009,971399.4
Sudan,SDN,2009,31092.275
Suriname,SUR,2009,258.67773
Sweden,SWE,2009,1422.3496
Switzerland,CHE,2009,2166.8728
Syria,SYR,2009,9508.866
Taiwan,TWN,2009,10095.115
Tajikistan,TJK,2009,7067.6426
Tanzania,TZA,2009,45902.656
Thailand,THA,2009,37935.3
Togo,TGO,2009,6547.2935
Tokelau,TKL,2009,0.20536901
Tonga,TON,2009,60.504665
Trinidad and Tobago,TTO,2009,660.1087
Tunisia,TUN,2009,6595.4194
Turkey,TUR,2009,40409.695
Turkmenistan,TKM,2009,2943.868
Tuvalu,TUV,2009,5.2299237
Uganda,UGA,2009,27900.137
Ukraine,UKR,2009,61024.434
United Arab Emirates,ARE,2009,1514.5267
United Kingdom,GBR,2009,19740.744
United States,USA,2009,74243.34
United States Virgin Islands,VIR,2009,23.68501
Uruguay,URY,2009,811.68365
Uzbekistan,UZB,2009,28077.229
Vanuatu,VUT,2009,318.71634
Venezuela,VEN,2009,9516.886
Vietnam,VNM,2009,77538.22
Wales,,2009,1060.8959
Western Pacific Region (WHO),,2009,2103455
World,OWID_WRL,2009,6554957
Yemen,YEM,2009,19436.012
Zambia,ZMB,2009,12828.649
Zimbabwe,ZWE,2009,13458.642
Afghanistan,AFG,2010,40544.543
African Region (WHO),,2010,926694.4
Albania,ALB,2010,2130.475
Algeria,DZA,2010,17154.611
American Samoa,ASM,2010,14.045568
Andorra,AND,2010,15.814057
Angola,AGO,2010,18450.408
Antigua and Barbuda,ATG,2010,25.412973
Argentina,ARG,2010,12889.015
Armenia,ARM,2010,3561.9587
Australia,AUS,2010,1662.3882
Austria,AUT,2010,3375.7441
Azerbaijan,AZE,2010,8249.802
Bahamas,BHS,2010,80.67775
Bahrain,BHR,2010,434.6229
Bangladesh,BGD,2010,166128.42
Barbados,BRB,2010,130.49918
Belarus,BLR,2010,13003.689
Belgium,BEL,2010,4962.393
Belize,BLZ,2010,91.548965
Benin,BEN,2010,11586.448
Bermuda,BMU,2010,8.817215
Bhutan,BTN,2010,630.514
Bolivia,BOL,2010,6092.827
Bosnia and Herzegovina,BIH,2010,5148.3965
Botswana,BWA,2010,1567.5265
Brazil,BRA,2010,67690.63
Brunei,BRN,2010,21.4622
Bulgaria,BGR,2010,13080.215
Burkina Faso,BFA,2010,22790.209
Burundi,BDI,2010,10303.447
Cambodia,KHM,2010,17109.395
Cameroon,CMR,2010,22372.273
Canada,CAN,2010,4444.9414
Cape Verde,CPV,2010,278.12878
Central African Republic,CAF,2010,8173.1396
Chad,TCD,2010,20241.562
Chile,CHL,2010,5263.5483
China,CHN,2010,1870627.1
Colombia,COL,2010,15757.569
Comoros,COM,2010,661.3277
Congo,COG,2010,3509.4602
Cook Islands,COK,2010,3.1297038
Costa Rica,CRI,2010,872.98364
Cote d'Ivoire,CIV,2010,25381.805
Croatia,HRV,2010,4020.502
Cuba,CUB,2010,5511.1455
Cyprus,CYP,2010,474.58463
Czechia,CZE,2010,7664.759
Democratic Republic of Congo,COD,2010,78669.76
Denmark,DNK,2010,2109.6934
Djibouti,DJI,2010,578.9127
Dominica,DMA,2010,35.41037
Dominican Republic,DOM,2010,3764.0337
East Asia & Pacific (WB),,2010,2500108
East Timor,TLS,2010,1021.3105
Eastern Mediterranean Region (WHO),,2010,561344.9
Ecuador,ECU,2010,4295.6245
Egypt,EGY,2010,81905.52
El Salvador,SLV,2010,2637.6558
England,,2010,16315.121
Equatorial Guinea,GNQ,2010,480.77844
Eritrea,ERI,2010,5393.925
Estonia,EST,2010,420.7817
Eswatini,SWZ,2010,1015.8913
Ethiopia,ETH,2010,88650.09
Europe & Central Asia (WB),,2010,600689.56
European Region (WHO),,2010,606895.2
Fiji,FJI,2010,668.51654
Finland,FIN,2010,752.04364
France,FRA,2010,18283.297
G20,,2010,4241735.5
Gabon,GAB,2010,904.6805
Gambia,GMB,2010,1828.5422
Georgia,GEO,2010,6416.0303
Germany,DEU,2010,37803.438
Ghana,GHA,2010,23267.785
Greece,GRC,2010,7485.7437
Greenland,GRL,2010,6.895434
Grenada,GRD,2010,46.724518
Guam,GUM,2010,22.854225
Guatemala,GTM,2010,8721.247
Guinea,GIN,2010,17113.018
Guinea-Bissau,GNB,2010,2156.5596
Guyana,GUY,2010,478.5287
Haiti,HTI,2010,12979.982
High Income (WB),,2010,383102.1
Honduras,HND,2010,4598.888
Hungary,HUN,2010,10696.139
Iceland,ISL,2010,24.639278
India,IND,2010,1459403
Indonesia,IDN,2010,191871.84
Iran,IRN,2010,37449.28
Iraq,IRQ,2010,22560.293
Ireland,IRL,2010,742.0246
Israel,ISR,2010,2510.2515
Italy,ITA,2010,31292.36
Jamaica,JAM,2010,1008.81995
Japan,JPN,2010,32373.36
Jordan,JOR,2010,2073.856
Kazakhstan,KAZ,2010,13101.989
Kenya,KEN,2010,28818.164
Kiribati,KIR,2010,151.87125
Kuwait,KWT,2010,1076.7103
Kyrgyzstan,KGZ,2010,5007.197
Laos,LAO,2010,8305.611
Latin America & Caribbean (WB),,2010,222230.56
Latvia,LVA,2010,2132.4287
Lebanon,LBN,2010,3198.0896
Lesotho,LSO,2010,2892.6592
Liberia,LBR,2010,3715.121
Libya,LBY,2010,2604.7932
Lithuania,LTU,2010,2312.5618
Low Income (WB),,2010,687531
Lower Middle Income (WB),,2010,3007302
Luxembourg,LUX,2010,137.68393
Madagascar,MDG,2010,23243.582
Malawi,MWI,2010,14834.016
Malaysia,MYS,2010,8881.831
Maldives,MDV,2010,81.04603
Mali,MLI,2010,22782.547
Malta,MLT,2010,194.09535
Marshall Islands,MHL,2010,36.595695
Mauritania,MRT,2010,2782.6318
Mauritius,MUS,2010,544.6538
Mexico,MEX,2010,39770.844
Micronesia (country),FSM,2010,86.814445
Middle East & North Africa (WB),,2010,251729.66
Middle Income (WB),,2010,2495139.8
Moldova,MDA,2010,4111
Monaco,MCO,2010,21.88316
Mongolia,MNG,2010,2913.9348
Montenegro,MNE,2010,816.8096
Morocco,MAR,2010,23934.193
Mozambique,MOZ,2010,27637.9
Myanmar,MMR,2010,79090.63
Namibia,NAM,2010,1746.1947
Nauru,NRU,2010,2.4495423
Nepal,NPL,2010,37277.965
Netherlands,NLD,2010,5972.4785
New Zealand,NZL,2010,311.333
Nicaragua,NIC,2010,2605.4917
Niger,NER,2010,24060.666
Nigeria,NGA,2010,207374.7
Niue,NIU,2010,0.60588145
North America (WB),,2010,75432.97
North Korea,PRK,2010,51751.11
North Macedonia,MKD,2010,3508.1526
Northern Ireland,,2010,415.12048
Northern Mariana Islands,MNP,2010,12.653416
Norway,NOR,2010,721.10376
OECD Countries,,2010,430689
Oman,OMN,2010,1432.7122
Pakistan,PAK,2010,234579.77
Palau,PLW,2010,2.5830722
Palestine,PSE,2010,1624.4366
Panama,PAN,2010,859.65247
Papua New Guinea,PNG,2010,10578.912
Paraguay,PRY,2010,2552.4932
Peru,PER,2010,11955.854
Philippines,PHL,2010,77602.82
Poland,POL,2010,35266.094
Portugal,PRT,2010,3061.6477
Puerto Rico,PRI,2010,335.24908
Qatar,QAT,2010,375.2357
Region of the Americas (WHO),,2010,297295.1
Romania,ROU,2010,21777.65
Russia,RUS,2010,129129.91
Rwanda,RWA,2010,8791.971
Saint Kitts and Nevis,KNA,2010,8.7608185
Saint Lucia,LCA,2010,57.061035
Saint Vincent and the Grenadines,VCT,2010,52.47984
Samoa,WSM,2010,191.08942
San Marino,SMR,2010,5.0276546
Sao Tome and Principe,STP,2010,155.03802
Saudi Arabia,SAU,2010,15099.925
Scotland,,2010,1222.8818
Senegal,SEN,2010,11715.16
Serbia,SRB,2010,15905.338
Seychelles,SYC,2010,28.898647
Sierra Leone,SLE,2010,10177.271
Singapore,SGP,2010,882.1033
Slovakia,SVK,2010,4187.6836
Slovenia,SVN,2010,982.8154
Solomon Islands,SLB,2010,1152.097
Somalia,SOM,2010,25474.822
South Africa,ZAF,2010,35755.086
South Asia (WB),,2010,1953861.9
South Korea,KOR,2010,15833.132
South Sudan,SSD,2010,10975.005
South-East Asia Region (WHO),,2010,2041211.4
Spain,ESP,2010,12818.44
Sri Lanka,LKA,2010,15216.662
Sub-Saharan Africa (WB),,2010,965514.06
Sudan,SDN,2010,30499.469
Suriname,SUR,2010,260.97028
Sweden,SWE,2010,1403.1913
Switzerland,CHE,2010,2136.0876
Syria,SYR,2010,9847.717
Taiwan,TWN,2010,10164.556
Tajikistan,TJK,2010,7218.974
Tanzania,TZA,2010,45745.406
Thailand,THA,2010,38738.973
Togo,TGO,2010,6609.432
Tokelau,TKL,2010,0.19905923
Tonga,TON,2010,60.618465
Trinidad and Tobago,TTO,2010,662.2242
Tunisia,TUN,2010,6780.3325
Turkey,TUR,2010,41818.676
Turkmenistan,TKM,2010,2929.962
Tuvalu,TUV,2010,5.004431
Uganda,UGA,2010,28041.03
Ukraine,UKR,2010,58893.312
United Arab Emirates,ARE,2010,1635.1896
United Kingdom,GBR,2010,18976.04
United States,USA,2010,70979.21
United States Virgin Islands,VIR,2010,24.377205
Uruguay,URY,2010,818.80597
Uzbekistan,UZB,2010,28122.162
Vanuatu,VUT,2010,328.05536
Venezuela,VEN,2010,9293.512
Vietnam,VNM,2010,77630.984
Wales,,2010,1022.9162
Western Pacific Region (WHO),,2010,2133439.2
World,OWID_WRL,2010,6576174
Yemen,YEM,2010,19258.87
Zambia,ZMB,2010,12710.395
Zimbabwe,ZWE,2010,13605.436
Afghanistan,AFG,2011,39893.324
African Region (WHO),,2011,922752.4
Albania,ALB,2011,2157.0374
Algeria,DZA,2011,17633.037
American Samoa,ASM,2011,14.087269
Andorra,AND,2011,15.166168
Angola,AGO,2011,17903.29
Antigua and Barbuda,ATG,2011,25.973497
Argentina,ARG,2011,13162.143
Armenia,ARM,2011,3548.2896
Australia,AUS,2011,1673.9097
Austria,AUT,2011,3302.7246
Azerbaijan,AZE,2011,8378.995
Bahamas,BHS,2011,82.72521
Bahrain,BHR,2011,442.6323
Bangladesh,BGD,2011,158412.86
Barbados,BRB,2011,134.41388
Belarus,BLR,2011,13075.62
Belgium,BEL,2011,4814.6914
Belize,BLZ,2011,93.769394
Benin,BEN,2011,11775.991
Bermuda,BMU,2011,8.811104
Bhutan,BTN,2011,635.39716
Bolivia,BOL,2011,6221.027
Bosnia and Herzegovina,BIH,2011,5171.447
Botswana,BWA,2011,1583.0254
Brazil,BRA,2011,67018.08
Brunei,BRN,2011,23.050344
Bulgaria,BGR,2011,12713.506
Burkina Faso,BFA,2011,23209.559
Burundi,BDI,2011,10341.899
Cambodia,KHM,2011,17127.05
Cameroon,CMR,2011,22630.87
Canada,CAN,2011,4324.005
Cape Verde,CPV,2011,289.72235
Central African Republic,CAF,2011,8169.888
Chad,TCD,2011,20350.584
Chile,CHL,2011,5326.545
China,CHN,2011,1874037.2
Colombia,COL,2011,15221.751
Comoros,COM,2011,665.9786
Congo,COG,2011,3495.5781
Cook Islands,COK,2011,3.205537
Costa Rica,CRI,2011,856.4162
Cote d'Ivoire,CIV,2011,25275.686
Croatia,HRV,2011,3913.005
Cuba,CUB,2011,5311.863
Cyprus,CYP,2011,461.80743
Czechia,CZE,2011,7608.1055
Democratic Republic of Congo,COD,2011,78060.08
Denmark,DNK,2011,1992.1984
Djibouti,DJI,2011,590.30707
Dominica,DMA,2011,35.754696
Dominican Republic,DOM,2011,3880.0554
East Asia & Pacific (WB),,2011,2508350.8
East Timor,TLS,2011,1059.9762
Eastern Mediterranean Region (WHO),,2011,562727
Ecuador,ECU,2011,4278.5264
Egypt,EGY,2011,82312.09
El Salvador,SLV,2011,2711.0479
England,,2011,15564.82
Equatorial Guinea,GNQ,2011,494.83643
Eritrea,ERI,2011,5385.413
Estonia,EST,2011,401.0407
Eswatini,SWZ,2011,975.41583
Ethiopia,ETH,2011,86734.234
Europe & Central Asia (WB),,2011,581219.6
European Region (WHO),,2011,587399.06
Fiji,FJI,2011,667.67957
Finland,FIN,2011,714.6405
France,FRA,2011,17960.248
G20,,2011,4269175.5
Gabon,GAB,2011,907.2326
Gambia,GMB,2011,1742.7877
Georgia,GEO,2011,6153.318
Germany,DEU,2011,36753.793
Ghana,GHA,2011,23448.29
Greece,GRC,2011,7528.757
Greenland,GRL,2011,6.9087505
Grenada,GRD,2011,47.342407
Guam,GUM,2011,24.510965
Guatemala,GTM,2011,8806.886
Guinea,GIN,2011,17023.83
Guinea-Bissau,GNB,2011,2124.6228
Guyana,GUY,2011,477.79327
Haiti,HTI,2011,13202.583
High Income (WB),,2011,380843.72
Honduras,HND,2011,4972.947
Hungary,HUN,2011,10473.944
Iceland,ISL,2011,23.914288
India,IND,2011,1497826.2
Indonesia,IDN,2011,193582.44
Iran,IRN,2011,37501.96
Iraq,IRQ,2011,22793.377
Ireland,IRL,2011,741.02466
Israel,ISR,2011,2557.9626
Italy,ITA,2011,31251.912
Jamaica,JAM,2011,1083.968
Japan,JPN,2011,33568.594
Jordan,JOR,2011,2150.0146
Kazakhstan,KAZ,2011,13040.496
Kenya,KEN,2011,28986.09
Kiribati,KIR,2011,152.73117
Kuwait,KWT,2011,1063.0436
Kyrgyzstan,KGZ,2011,4859.556
Laos,LAO,2011,8096.9995
Latin America & Caribbean (WB),,2011,222854.22
Latvia,LVA,2011,2029.1313
Lebanon,LBN,2011,3293.7102
Lesotho,LSO,2011,2887.8855
Liberia,LBR,2011,3703.0142
Libya,LBY,2011,2665.2146
Lithuania,LTU,2011,2251.9963
Low Income (WB),,2011,687629.1
Lower Middle Income (WB),,2011,3036536
Luxembourg,LUX,2011,134.2711
Madagascar,MDG,2011,23400.672
Malawi,MWI,2011,14795.775
Malaysia,MYS,2011,9076.537
Maldives,MDV,2011,78.51721
Mali,MLI,2011,22722.668
Malta,MLT,2011,194.90227
Marshall Islands,MHL,2011,36.931366
Mauritania,MRT,2011,2787.9727
Mauritius,MUS,2011,536.6365
Mexico,MEX,2011,40053.984
Micronesia (country),FSM,2011,86.550385
Middle East & North Africa (WB),,2011,254144.44
Middle Income (WB),,2011,2485829.8
Moldova,MDA,2011,3563.8848
Monaco,MCO,2011,21.58703
Mongolia,MNG,2011,2940.8086
Montenegro,MNE,2011,815.5943
Morocco,MAR,2011,24048.443
Mozambique,MOZ,2011,27588.574
Myanmar,MMR,2011,78197.38
Namibia,NAM,2011,1705.349
Nauru,NRU,2011,2.2890987
Nepal,NPL,2011,37891.742
Netherlands,NLD,2011,5776.228
New Zealand,NZL,2011,314.5816
Nicaragua,NIC,2011,2638.6624
Niger,NER,2011,24838.547
Nigeria,NGA,2011,205217.28
Niue,NIU,2011,0.5853954
North America (WB),,2011,74882.49
North Korea,PRK,2011,52387.54
North Macedonia,MKD,2011,3433.4858
Northern Ireland,,2011,394.21716
Northern Mariana Islands,MNP,2011,13.352008
Norway,NOR,2011,712.49457
OECD Countries,,2011,428536.3
Oman,OMN,2011,1505.3025
Pakistan,PAK,2011,235058.47
Palau,PLW,2011,2.9844718
Palestine,PSE,2011,1647.0337
Panama,PAN,2011,877.7693
Papua New Guinea,PNG,2011,10770.945
Paraguay,PRY,2011,2473.615
Peru,PER,2011,11996.462
Philippines,PHL,2011,78735.75
Poland,POL,2011,34536.305
Portugal,PRT,2011,2926.8022
Puerto Rico,PRI,2011,364.87604
Qatar,QAT,2011,384.35413
Region of the Americas (WHO),,2011,297337.84
Romania,ROU,2011,20175.73
Russia,RUS,2011,118762.21
Rwanda,RWA,2011,8726.057
Saint Kitts and Nevis,KNA,2011,8.867596
Saint Lucia,LCA,2011,57.976063
Saint Vincent and the Grenadines,VCT,2011,55.11445
Samoa,WSM,2011,192.38425
San Marino,SMR,2011,5.2228765
Sao Tome and Principe,STP,2011,149.85335
Saudi Arabia,SAU,2011,15178.712
Scotland,,2011,1176.9265
Senegal,SEN,2011,11927.505
Serbia,SRB,2011,15262.166
Seychelles,SYC,2011,28.70313
Sierra Leone,SLE,2011,10043.585
Singapore,SGP,2011,909.1668
Slovakia,SVK,2011,4092.4321
Slovenia,SVN,2011,969.8071
Solomon Islands,SLB,2011,1192.6465
Somalia,SOM,2011,25715.26
South Africa,ZAF,2011,34633.254
South Asia (WB),,2011,1985170.8
South Korea,KOR,2011,16259.711
South Sudan,SSD,2011,10953.033
South-East Asia Region (WHO),,2011,2073945.5
Spain,ESP,2011,12730.915
Sri Lanka,LKA,2011,15374.251
Sub-Saharan Africa (WB),,2011,960783.06
Sudan,SDN,2011,29948.447
Suriname,SUR,2011,262.73602
Sweden,SWE,2011,1346.2333
Switzerland,CHE,2011,2084.369
Syria,SYR,2011,10109.356
Taiwan,TWN,2011,10767.815
Tajikistan,TJK,2011,7329.087
Tanzania,TZA,2011,45900.87
Thailand,THA,2011,38499.203
Togo,TGO,2011,6640.035
Tokelau,TKL,2011,0.1953872
Tonga,TON,2011,60.23156
Trinidad and Tobago,TTO,2011,659.5283
Tunisia,TUN,2011,6863.8853
Turkey,TUR,2011,42630.32
Turkmenistan,TKM,2011,3062.7239
Tuvalu,TUV,2011,4.8008018
Uganda,UGA,2011,28065.736
Ukraine,UKR,2011,55929.074
United Arab Emirates,ARE,2011,1779.1313
United Kingdom,GBR,2011,18119.047
United States,USA,2011,70549.67
United States Virgin Islands,VIR,2011,25.176664
Uruguay,URY,2011,853.0028
Uzbekistan,UZB,2011,28889.836
Vanuatu,VUT,2011,342.27237
Venezuela,VEN,2011,9574.842
Vietnam,VNM,2011,77528.54
Wales,,2011,983.0832
Western Pacific Region (WHO),,2011,2140416.2
World,OWID_WRL,2011,6593948
Yemen,YEM,2011,19429.967
Zambia,ZMB,2011,12643.706
Zimbabwe,ZWE,2011,13647.757
Afghanistan,AFG,2012,39363.207
African Region (WHO),,2012,922904.7
Albania,ALB,2012,2161.334
Algeria,DZA,2012,18169.797
American Samoa,ASM,2012,14.014748
Andorra,AND,2012,14.965033
Angola,AGO,2012,17399.152
Antigua and Barbuda,ATG,2012,26.483662
Argentina,ARG,2012,13401.032
Armenia,ARM,2012,3498.7869
Australia,AUS,2012,1674.0295
Austria,AUT,2012,3237.5208
Azerbaijan,AZE,2012,8486.982
Bahamas,BHS,2012,84.54046
Bahrain,BHR,2012,450.8677
Bangladesh,BGD,2012,152623.83
Barbados,BRB,2012,137.69641
Belarus,BLR,2012,11457.6045
Belgium,BEL,2012,4627.4688
Belize,BLZ,2012,95.87693
Benin,BEN,2012,12038.202
Bermuda,BMU,2012,8.65444
Bhutan,BTN,2012,641.6962
Bolivia,BOL,2012,6296.4834
Bosnia and Herzegovina,BIH,2012,5085.3213
Botswana,BWA,2012,1582.3262
Brazil,BRA,2012,64345.816
Brunei,BRN,2012,26.360413
Bulgaria,BGR,2012,12164.99
Burkina Faso,BFA,2012,23916.344
Burundi,BDI,2012,10480.643
Cambodia,KHM,2012,17171.807
Cameroon,CMR,2012,22845.688
Canada,CAN,2012,4206.027
Cape Verde,CPV,2012,304.6442
Central African Republic,CAF,2012,8072.054
Chad,TCD,2012,20432.016
Chile,CHL,2012,5462.532
China,CHN,2012,1854110.6
Colombia,COL,2012,15175.973
Comoros,COM,2012,662.08905
Congo,COG,2012,3509.6694
Cook Islands,COK,2012,3.2717392
Costa Rica,CRI,2012,881.04895
Cote d'Ivoire,CIV,2012,25456.111
Croatia,HRV,2012,3838.0923
Cuba,CUB,2012,5611.7515
Cyprus,CYP,2012,454.96457
Czechia,CZE,2012,7426.764
Democratic Republic of Congo,COD,2012,77494.12
Denmark,DNK,2012,1848.0056
Djibouti,DJI,2012,603.1921
Dominica,DMA,2012,36.41576
Dominican Republic,DOM,2012,4159.7197
East Asia & Pacific (WB),,2012,2490594.2
East Timor,TLS,2012,1087.5643
Eastern Mediterranean Region (WHO),,2012,567544.4
Ecuador,ECU,2012,4469.778
Egypt,EGY,2012,84552.234
El Salvador,SLV,2012,2583.3118
England,,2012,14935.374
Equatorial Guinea,GNQ,2012,498.55307
Eritrea,ERI,2012,5378.593
Estonia,EST,2012,361.95108
Eswatini,SWZ,2012,951.8807
Ethiopia,ETH,2012,84393.336
Europe & Central Asia (WB),,2012,564819.9
European Region (WHO),,2012,570982.44
Fiji,FJI,2012,663.09564
Finland,FIN,2012,651.233
France,FRA,2012,17451.63
G20,,2012,4278864.5
Gabon,GAB,2012,899.5884
Gambia,GMB,2012,1765.0388
Georgia,GEO,2012,5699.433
Germany,DEU,2012,35286.223
Ghana,GHA,2012,23443.086
Greece,GRC,2012,7442.3525
Greenland,GRL,2012,6.975297
Grenada,GRD,2012,46.79246
Guam,GUM,2012,28.910198
Guatemala,GTM,2012,8835.241
Guinea,GIN,2012,16934.643
Guinea-Bissau,GNB,2012,2086.4365
Guyana,GUY,2012,484.78116
Haiti,HTI,2012,13297.343
High Income (WB),,2012,376464.03
Honduras,HND,2012,5409.845
Hungary,HUN,2012,10251.839
Iceland,ISL,2012,23.119265
India,IND,2012,1541016.5
Indonesia,IDN,2012,194608.17
Iran,IRN,2012,38072.496
Iraq,IRQ,2012,22909.277
Ireland,IRL,2012,716.38544
Israel,ISR,2012,2537.3083
Italy,ITA,2012,31043.105
Jamaica,JAM,2012,1009.4963
Japan,JPN,2012,35180.12
Jordan,JOR,2012,2225.2039
Kazakhstan,KAZ,2012,12952.675
Kenya,KEN,2012,28900.371
Kiribati,KIR,2012,153.11734
Kuwait,KWT,2012,1130.6163
Kyrgyzstan,KGZ,2012,4729.976
Laos,LAO,2012,7941.357
Latin America & Caribbean (WB),,2012,223491.77
Latvia,LVA,2012,1908.4257
Lebanon,LBN,2012,3376.1729
Lesotho,LSO,2012,2894.6077
Liberia,LBR,2012,3733.5513
Libya,LBY,2012,2664.8088
Lithuania,LTU,2012,2138.8223
Low Income (WB),,2012,688118.56
Lower Middle Income (WB),,2012,3076816.8
Luxembourg,LUX,2012,127.82461
Madagascar,MDG,2012,23327.355
Malawi,MWI,2012,14585.821
Malaysia,MYS,2012,9303.102
Maldives,MDV,2012,75.14368
Mali,MLI,2012,22952.184
Malta,MLT,2012,187.94278
Marshall Islands,MHL,2012,36.962624
Mauritania,MRT,2012,2846.8354
Mauritius,MUS,2012,544.4877
Mexico,MEX,2012,41416.99
Micronesia (country),FSM,2012,86.48715
Middle East & North Africa (WB),,2012,258669.27
Middle Income (WB),,2012,2456187
Moldova,MDA,2012,3447.7349
Monaco,MCO,2012,21.18656
Mongolia,MNG,2012,2918.8
Montenegro,MNE,2012,808.59674
Morocco,MAR,2012,24293.05
Mozambique,MOZ,2012,27827.924
Myanmar,MMR,2012,76958.89
Namibia,NAM,2012,1679.6803
Nauru,NRU,2012,2.1503508
Nepal,NPL,2012,38492.12
Netherlands,NLD,2012,5557.251
New Zealand,NZL,2012,303.5692
Nicaragua,NIC,2012,2661.9849
Niger,NER,2012,25525.982
Nigeria,NGA,2012,206399.72
Niue,NIU,2012,0.56623256
North America (WB),,2012,72506.72
North Korea,PRK,2012,52868.84
North Macedonia,MKD,2012,3444.2585
Northern Ireland,,2012,389.40466
Northern Mariana Islands,MNP,2012,14.64229
Norway,NOR,2012,679.6121
OECD Countries,,2012,425282.2
Oman,OMN,2012,1555.336
Pakistan,PAK,2012,236472.61
Palau,PLW,2012,3.9499943
Palestine,PSE,2012,1607.3433
Panama,PAN,2012,906.8067
Papua New Guinea,PNG,2012,10957.583
Paraguay,PRY,2012,2388.5112
Peru,PER,2012,11975.8545
Philippines,PHL,2012,78890.92
Poland,POL,2012,33921.207
Portugal,PRT,2012,2856.7754
Puerto Rico,PRI,2012,353.5491
Qatar,QAT,2012,400.53387
Region of the Americas (WHO),,2012,295610.12
Romania,ROU,2012,19717.39
Russia,RUS,2012,111682.66
Rwanda,RWA,2012,8838.73
Saint Kitts and Nevis,KNA,2012,9.02354
Saint Lucia,LCA,2012,60.246338
Saint Vincent and the Grenadines,VCT,2012,57.84809
Samoa,WSM,2012,192.86485
San Marino,SMR,2012,5.5687933
Sao Tome and Principe,STP,2012,148.37823
Saudi Arabia,SAU,2012,15324.614
Scotland,,2012,1134.8098
Senegal,SEN,2012,11887.734
Serbia,SRB,2012,14773.012
Seychelles,SYC,2012,29.635185
Sierra Leone,SLE,2012,9913.704
Singapore,SGP,2012,982.3361
Slovakia,SVK,2012,3906.3962
Slovenia,SVN,2012,974.1074
Solomon Islands,SLB,2012,1211.8076
Somalia,SOM,2012,25937.854
South Africa,ZAF,2012,33799.45
South Asia (WB),,2012,2023783.5
South Korea,KOR,2012,17164.129
South Sudan,SSD,2012,10893.508
South-East Asia Region (WHO),,2012,2111227
Spain,ESP,2012,12661.262
Sri Lanka,LKA,2012,15098.518
Sub-Saharan Africa (WB),,2012,960276.56
Sudan,SDN,2012,29603.824
Suriname,SUR,2012,269.20453
Sweden,SWE,2012,1235.1871
Switzerland,CHE,2012,2063.52
Syria,SYR,2012,10201.313
Taiwan,TWN,2012,11073.721
Tajikistan,TJK,2012,7330.7734
Tanzania,TZA,2012,46632.242
Thailand,THA,2012,37755.695
Togo,TGO,2012,6617.525
Tokelau,TKL,2012,0.19247928
Tonga,TON,2012,59.398705
Trinidad and Tobago,TTO,2012,661.62604
Tunisia,TUN,2012,6907.4697
Turkey,TUR,2012,43237.203
Turkmenistan,TKM,2012,3175.4517
Tuvalu,TUV,2012,4.6039047
Uganda,UGA,2012,28276.291
Ukraine,UKR,2012,54699.992
United Arab Emirates,ARE,2012,1956.4376
United Kingdom,GBR,2012,17410.254
United States,USA,2012,68292.04
United States Virgin Islands,VIR,2012,26.141418
Uruguay,URY,2012,858.7586
Uzbekistan,UZB,2012,29559.984
Vanuatu,VUT,2012,351.57477
Venezuela,VEN,2012,9993.262
Vietnam,VNM,2012,76793.15
Wales,,2012,950.6648
Western Pacific Region (WHO),,2012,2122908.8
World,OWID_WRL,2012,6600712
Yemen,YEM,2012,19543.248
Zambia,ZMB,2012,12441.852
Zimbabwe,ZWE,2012,13493.102
Afghanistan,AFG,2013,39187.14
African Region (WHO),,2013,923652.3
Albania,ALB,2013,2175.843
Algeria,DZA,2013,18803.111
American Samoa,ASM,2013,13.984227
Andorra,AND,2013,15.047664
Angola,AGO,2013,16745.467
Antigua and Barbuda,ATG,2013,27.297592
Argentina,ARG,2013,13655.952
Armenia,ARM,2013,3405.9788
Australia,AUS,2013,1685.971
Austria,AUT,2013,3126.1545
Azerbaijan,AZE,2013,8562.831
Bahamas,BHS,2013,86.855965
Bahrain,BHR,2013,458.3694
Bangladesh,BGD,2013,153262.7
Barbados,BRB,2013,144.68965
Belarus,BLR,2013,10926.386
Belgium,BEL,2013,4317.0693
Belize,BLZ,2013,100.65476
Benin,BEN,2013,12185.083
Bermuda,BMU,2013,8.715244
Bhutan,BTN,2013,647.4616
Bolivia,BOL,2013,6330.63
Bosnia and Herzegovina,BIH,2013,5091.09
Botswana,BWA,2013,1586.651
Brazil,BRA,2013,61975.38
Brunei,BRN,2013,30.847496
Bulgaria,BGR,2013,11647.731
Burkina Faso,BFA,2013,24661.465
Burundi,BDI,2013,10579.954
Cambodia,KHM,2013,17150.736
Cameroon,CMR,2013,23159.355
Canada,CAN,2013,4111.187
Cape Verde,CPV,2013,317.86588
Central African Republic,CAF,2013,8073.14
Chad,TCD,2013,20662.484
Chile,CHL,2013,5651.318
China,CHN,2013,1845362.9
Colombia,COL,2013,14955.018
Comoros,COM,2013,656.10596
Congo,COG,2013,3510.984
Cook Islands,COK,2013,3.3553886
Costa Rica,CRI,2013,907.3582
Cote d'Ivoire,CIV,2013,25863.723
Croatia,HRV,2013,3661.4722
Cuba,CUB,2013,5892.53
Cyprus,CYP,2013,452.1217
Czechia,CZE,2013,7204.4404
Democratic Republic of Congo,COD,2013,76222.03
Denmark,DNK,2013,1683.4977
Djibouti,DJI,2013,616.15076
Dominica,DMA,2013,37.06036
Dominican Republic,DOM,2013,4498.7017
East Asia & Pacific (WB),,2013,2481294.8
East Timor,TLS,2013,1105.979
Eastern Mediterranean Region (WHO),,2013,572780.25
Ecuador,ECU,2013,4574.436
Egypt,EGY,2013,83173.945
El Salvador,SLV,2013,2717.2256
England,,2013,14204.805
Equatorial Guinea,GNQ,2013,489.42828
Eritrea,ERI,2013,5380.3813
Estonia,EST,2013,311.5467
Eswatini,SWZ,2013,925.6068
Ethiopia,ETH,2013,82201.97
Europe & Central Asia (WB),,2013,543210.4
European Region (WHO),,2013,549221.25
Fiji,FJI,2013,656.00934
Finland,FIN,2013,566.0062
France,FRA,2013,16516.148
G20,,2013,4296608.5
Gabon,GAB,2013,894.0639
Gambia,GMB,2013,1797.5054
Georgia,GEO,2013,5326.1016
Germany,DEU,2013,33677.96
Ghana,GHA,2013,23557.21
Greece,GRC,2013,6997.5874
Greenland,GRL,2013,7.0660286
Grenada,GRD,2013,48.633537
Guam,GUM,2013,34.633667
Guatemala,GTM,2013,8885.468
Guinea,GIN,2013,17145.355
Guinea-Bissau,GNB,2013,2093.5
Guyana,GUY,2013,484.29547
Haiti,HTI,2013,13475.6875
High Income (WB),,2013,369169.78
Honduras,HND,2013,5514.712
Hungary,HUN,2013,9761.606
Iceland,ISL,2013,21.511417
India,IND,2013,1584767.6
Indonesia,IDN,2013,194152.2
Iran,IRN,2013,39287.465
Iraq,IRQ,2013,22961.643
Ireland,IRL,2013,680.2386
Israel,ISR,2013,2506.2756
Italy,ITA,2013,30096.43
Jamaica,JAM,2013,1029.5844
Japan,JPN,2013,37334.57
Jordan,JOR,2013,2301.566
Kazakhstan,KAZ,2013,12686.464
Kenya,KEN,2013,28777.744
Kiribati,KIR,2013,153.09192
Kuwait,KWT,2013,1159.975
Kyrgyzstan,KGZ,2013,4582.8467
Laos,LAO,2013,7813.117
Latin America & Caribbean (WB),,2013,225186.44
Latvia,LVA,2013,1810.4609
Lebanon,LBN,2013,3438.163
Lesotho,LSO,2013,2883.198
Liberia,LBR,2013,3689.2732
Libya,LBY,2013,2713.9365
Lithuania,LTU,2013,2036.8146
Low Income (WB),,2013,688727.94
Lower Middle Income (WB),,2013,3119712.8
Luxembourg,LUX,2013,119.47548
Madagascar,MDG,2013,23236.82
Malawi,MWI,2013,14340.389
Malaysia,MYS,2013,9212.789
Maldives,MDV,2013,71.20853
Mali,MLI,2013,23266.318
Malta,MLT,2013,177.08601
Marshall Islands,MHL,2013,36.844185
Mauritania,MRT,2013,2848.4045
Mauritius,MUS,2013,540.05896
Mexico,MEX,2013,43961.074
Micronesia (country),FSM,2013,86.7089
Middle East & North Africa (WB),,2013,262100.22
Middle Income (WB),,2013,2438993
Moldova,MDA,2013,3231.4568
Monaco,MCO,2013,20.569803
Mongolia,MNG,2013,2895.142
Montenegro,MNE,2013,810.5771
Morocco,MAR,2013,26032.098
Mozambique,MOZ,2013,27703.066
Myanmar,MMR,2013,76495.96
Namibia,NAM,2013,1674.8594
Nauru,NRU,2013,2.0121717
Nepal,NPL,2013,39334.79
Netherlands,NLD,2013,5231.841
New Zealand,NZL,2013,291.69077
Nicaragua,NIC,2013,2683.9229
Niger,NER,2013,26522.475
Nigeria,NGA,2013,208048.67
Niue,NIU,2013,0.5566823
North America (WB),,2013,70289.484
North Korea,PRK,2013,53380.87
North Macedonia,MKD,2013,3334.6133
Northern Ireland,,2013,373.68585
Northern Mariana Islands,MNP,2013,16.146208
Norway,NOR,2013,628.91364
OECD Countries,,2013,420656
Oman,OMN,2013,1576.0299
Pakistan,PAK,2013,239328.48
Palau,PLW,2013,5.1833982
Palestine,PSE,2013,1619.3661
Panama,PAN,2013,929.93256
Papua New Guinea,PNG,2013,11091.744
Paraguay,PRY,2013,2364.7117
Peru,PER,2013,11887.077
Philippines,PHL,2013,77574.84
Poland,POL,2013,32393.56
Portugal,PRT,2013,2762.3655
Puerto Rico,PRI,2013,371.25107
Qatar,QAT,2013,421.4265
Region of the Americas (WHO),,2013,295068.88
Romania,ROU,2013,18346.28
Russia,RUS,2013,103861.01
Rwanda,RWA,2013,8501.75
Saint Kitts and Nevis,KNA,2013,9.2551365
Saint Lucia,LCA,2013,65.52872
Saint Vincent and the Grenadines,VCT,2013,60.46018
Samoa,WSM,2013,192.98726
San Marino,SMR,2013,5.9112835
Sao Tome and Principe,STP,2013,149.9501
Saudi Arabia,SAU,2013,15673.893
Scotland,,2013,1075.6251
Senegal,SEN,2013,12084.18
Serbia,SRB,2013,14318.267
Seychelles,SYC,2013,30.072647
Sierra Leone,SLE,2013,9740.852
Singapore,SGP,2013,1057.4266
Slovakia,SVK,2013,3730.9146
Slovenia,SVN,2013,949.96136
Solomon Islands,SLB,2013,1231.4816
Somalia,SOM,2013,26142.182
South Africa,ZAF,2013,33330.37
South Asia (WB),,2013,2071068.1
South Korea,KOR,2013,17943.922
South Sudan,SSD,2013,10820.2
South-East Asia Region (WHO),,2013,2154442.5
Spain,ESP,2013,12282.719
Sri Lanka,LKA,2013,14468.733
Sub-Saharan Africa (WB),,2013,960119.44
Sudan,SDN,2013,29128.055
Suriname,SUR,2013,289.1917
Sweden,SWE,2013,1073.4839
Switzerland,CHE,2013,2011.5581
Syria,SYR,2013,10321.374
Taiwan,TWN,2013,11390.516
Tajikistan,TJK,2013,7276.5547
Tanzania,TZA,2013,46690.47
Thailand,THA,2013,36754.953
Togo,TGO,2013,6585.136
Tokelau,TKL,2013,0.19159228
Tonga,TON,2013,58.51373
Trinidad and Tobago,TTO,2013,712.9786
Tunisia,TUN,2013,6958.9287
Turkey,TUR,2013,44442.215
Turkmenistan,TKM,2013,3347.1262
Tuvalu,TUV,2013,4.4227896
Uganda,UGA,2013,29106.15
Ukraine,UKR,2013,52704.953
United Arab Emirates,ARE,2013,2143.413
United Kingdom,GBR,2013,16565.922
United States,USA,2013,66169.586
United States Virgin Islands,VIR,2013,27.08965
Uruguay,URY,2013,853.21265
Uzbekistan,UZB,2013,29746.271
Vanuatu,VUT,2013,362.15067
Venezuela,VEN,2013,9977.265
Vietnam,VNM,2013,75714.484
Wales,,2013,911.8067
Western Pacific Region (WHO),,2013,2115016.2
World,OWID_WRL,2013,6619746
Yemen,YEM,2013,19756.006
Zambia,ZMB,2013,12308.246
Zimbabwe,ZWE,2013,13261.193
Afghanistan,AFG,2014,38711.02
African Region (WHO),,2014,923884.75
Albania,ALB,2014,2214.3867
Algeria,DZA,2014,19529.607
American Samoa,ASM,2014,13.86673
Andorra,AND,2014,14.923492
Angola,AGO,2014,15972.35
Antigua and Barbuda,ATG,2014,28.574537
Argentina,ARG,2014,13815.207
Armenia,ARM,2014,3400.5996
Australia,AUS,2014,1725.3663
Austria,AUT,2014,3010.6816
Azerbaijan,AZE,2014,8673.274
Bahamas,BHS,2014,89.99078
Bahrain,BHR,2014,471.81122
Bangladesh,BGD,2014,157812.69
Barbados,BRB,2014,152.0552
Belarus,BLR,2014,10344.606
Belgium,BEL,2014,3954.896
Belize,BLZ,2014,106.5841
Benin,BEN,2014,12228.675
Bermuda,BMU,2014,8.799875
Bhutan,BTN,2014,649.8711
Bolivia,BOL,2014,6329.548
Bosnia and Herzegovina,BIH,2014,5095.4146
Botswana,BWA,2014,1590.5621
Brazil,BRA,2014,59608.316
Brunei,BRN,2014,34.799477
Bulgaria,BGR,2014,11699.812
Burkina Faso,BFA,2014,25223.57
Burundi,BDI,2014,10555.526
Cambodia,KHM,2014,17191.775
Cameroon,CMR,2014,23225.385
Canada,CAN,2014,4076.6345
Cape Verde,CPV,2014,334.70203
Central African Republic,CAF,2014,8020.235
Chad,TCD,2014,20705.291
Chile,CHL,2014,5771.256
China,CHN,2014,1844224.2
Colombia,COL,2014,14707.191
Comoros,COM,2014,680.614
Congo,COG,2014,3516.291
Cook Islands,COK,2014,3.4204438
Costa Rica,CRI,2014,932.3504
Cote d'Ivoire,CIV,2014,25780.982
Croatia,HRV,2014,3645.6704
Cuba,CUB,2014,6175.009
Cyprus,CYP,2014,453.12668
Czechia,CZE,2014,6843.669
Democratic Republic of Congo,COD,2014,74691.195
Denmark,DNK,2014,1526.0758
Djibouti,DJI,2014,616.6779
Dominica,DMA,2014,37.59176
Dominican Republic,DOM,2014,4732.621
East Asia & Pacific (WB),,2014,2479001.8
East Timor,TLS,2014,1126.9769
Eastern Mediterranean Region (WHO),,2014,577698.56
Ecuador,ECU,2014,4586.7505
Egypt,EGY,2014,84663.695
El Salvador,SLV,2014,2890.9312
England,,2014,13414.795
Equatorial Guinea,GNQ,2014,484.687
Eritrea,ERI,2014,5352.8857
Estonia,EST,2014,276.395
Eswatini,SWZ,2014,893.16125
Ethiopia,ETH,2014,81795.875
Europe & Central Asia (WB),,2014,523760.03
European Region (WHO),,2014,529741.8
Fiji,FJI,2014,651.7296
Finland,FIN,2014,480.15726
France,FRA,2014,15453.321
G20,,2014,4286600
Gabon,GAB,2014,897.6212
Gambia,GMB,2014,1884.9327
Georgia,GEO,2014,5103.811
Germany,DEU,2014,31460.084
Ghana,GHA,2014,23759.46
Greece,GRC,2014,6588.7476
Greenland,GRL,2014,7.0708275
Grenada,GRD,2014,50.401257
Guam,GUM,2014,39.73223
Guatemala,GTM,2014,8936.03
Guinea,GIN,2014,17268.65
Guinea-Bissau,GNB,2014,2093.8008
Guyana,GUY,2014,495.7281
Haiti,HTI,2014,13647.386
High Income (WB),,2014,360164.84
Honduras,HND,2014,5585.2544
Hungary,HUN,2014,9533.716
Iceland,ISL,2014,19.42395
India,IND,2014,1591958.4
Indonesia,IDN,2014,192480.73
Iran,IRN,2014,40412.008
Iraq,IRQ,2014,23096.318
Ireland,IRL,2014,617.3993
Israel,ISR,2014,2460.899
Italy,ITA,2014,29353.068
Jamaica,JAM,2014,1136.8676
Japan,JPN,2014,38943.84
Jordan,JOR,2014,2435.3142
Kazakhstan,KAZ,2014,12413.66
Kenya,KEN,2014,28648.332
Kiribati,KIR,2014,152.7131
Kuwait,KWT,2014,1187.069
Kyrgyzstan,KGZ,2014,4503.9155
Laos,LAO,2014,7705.2056
Latin America & Caribbean (WB),,2014,225179.11
Latvia,LVA,2014,1628.429
Lebanon,LBN,2014,3475.921
Lesotho,LSO,2014,2852.6501
Liberia,LBR,2014,3565.6956
Libya,LBY,2014,2796.1436
Lithuania,LTU,2014,1832.114
Low Income (WB),,2014,688840.44
Lower Middle Income (WB),,2014,3125221
Luxembourg,LUX,2014,111.032974
Madagascar,MDG,2014,23285.342
Malawi,MWI,2014,14135.5
Malaysia,MYS,2014,9748.4795
Maldives,MDV,2014,67.95668
Mali,MLI,2014,23619.39
Malta,MLT,2014,166.0033
Marshall Islands,MHL,2014,36.67737
Mauritania,MRT,2014,2767.2993
Mauritius,MUS,2014,555.4222
Mexico,MEX,2014,45364.637
Micronesia (country),FSM,2014,86.97135
Middle East & North Africa (WB),,2014,266516.38
Middle Income (WB),,2014,2435144.5
Moldova,MDA,2014,3229.0452
Monaco,MCO,2014,20.032116
Mongolia,MNG,2014,2861.5815
Montenegro,MNE,2014,813.55884
Morocco,MAR,2014,26084.422
Mozambique,MOZ,2014,27533.98
Myanmar,MMR,2014,75665.27
Namibia,NAM,2014,1669.9235
Nauru,NRU,2014,1.8892642
Nepal,NPL,2014,39683.668
Netherlands,NLD,2014,4905.3853
New Zealand,NZL,2014,290.13974
Nicaragua,NIC,2014,2703.9446
Niger,NER,2014,27291.123
Nigeria,NGA,2014,208689.81
Niue,NIU,2014,0.54678476
North America (WB),,2014,67604.74
North Korea,PRK,2014,53731.62
North Macedonia,MKD,2014,3361.964
Northern Ireland,,2014,349.2285
Northern Mariana Islands,MNP,2014,17.504814
Norway,NOR,2014,565.394
OECD Countries,,2014,412519.88
Oman,OMN,2014,1580.542
Pakistan,PAK,2014,241204.62
Palau,PLW,2014,6.3071933
Palestine,PSE,2014,1718.3201
Panama,PAN,2014,937.46924
Papua New Guinea,PNG,2014,11243.445
Paraguay,PRY,2014,2235.3367
Peru,PER,2014,11505.233
Philippines,PHL,2014,76301.1
Poland,POL,2014,30556.088
Portugal,PRT,2014,2646.3337
Puerto Rico,PRI,2014,371.81424
Qatar,QAT,2014,440.60837
Region of the Americas (WHO),,2014,292375.2
Romania,ROU,2014,18275.799
Russia,RUS,2014,99173.875
Rwanda,RWA,2014,8639.933
Saint Kitts and Nevis,KNA,2014,9.522422
Saint Lucia,LCA,2014,69.44369
Saint Vincent and the Grenadines,VCT,2014,63.295094
Samoa,WSM,2014,192.72516
San Marino,SMR,2014,6.2161756
Sao Tome and Principe,STP,2014,153.55547
Saudi Arabia,SAU,2014,15988.278
Scotland,,2014,976.7744
Senegal,SEN,2014,12590.476
Serbia,SRB,2014,14014.651
Seychelles,SYC,2014,30.51105
Sierra Leone,SLE,2014,9577.191
Singapore,SGP,2014,1129.7485
Slovakia,SVK,2014,3588.006
Slovenia,SVN,2014,889.0938
Solomon Islands,SLB,2014,1254.0427
Somalia,SOM,2014,26322.977
South Africa,ZAF,2014,33633.33
South Asia (WB),,2014,2084450.2
South Korea,KOR,2014,18593.488
South Sudan,SSD,2014,10587.777
South-East Asia Region (WHO),,2014,2164015
Spain,ESP,2014,12211.662
Sri Lanka,LKA,2014,14362.118
Sub-Saharan Africa (WB),,2014,959496.56
Sudan,SDN,2014,28818.416
Suriname,SUR,2014,309.86804
Sweden,SWE,2014,924.27637
Switzerland,CHE,2014,1935.4379
Syria,SYR,2014,10325.272
Taiwan,TWN,2014,12137.748
Tajikistan,TJK,2014,7389.991
Tanzania,TZA,2014,46052.164
Thailand,THA,2014,36475.805
Togo,TGO,2014,6596.843
Tokelau,TKL,2014,0.19003274
Tonga,TON,2014,57.420914
Trinidad and Tobago,TTO,2014,757.0692
Tunisia,TUN,2014,6981.5264
Turkey,TUR,2014,45277.883
Turkmenistan,TKM,2014,3489.0374
Tuvalu,TUV,2014,4.268868
Uganda,UGA,2014,29539.432
Ukraine,UKR,2014,47977.56
United Arab Emirates,ARE,2014,2266.2817
United Kingdom,GBR,2014,15585.533
United States,USA,2014,63519.31
United States Virgin Islands,VIR,2014,28.036318
Uruguay,URY,2014,843.32684
Uzbekistan,UZB,2014,30025.69
Vanuatu,VUT,2014,372.59244
Venezuela,VEN,2014,10164.466
Vietnam,VNM,2014,74501.97
Wales,,2014,844.73535
Western Pacific Region (WHO),,2014,2115143.8
World,OWID_WRL,2014,6612532
Yemen,YEM,2014,19819.65
Zambia,ZMB,2014,12155.34
Zimbabwe,ZWE,2014,13227.661
Afghanistan,AFG,2015,38227.17
African Region (WHO),,2015,923475.1
Albania,ALB,2015,2248.2327
Algeria,DZA,2015,20168.055
American Samoa,ASM,2015,13.880713
Andorra,AND,2015,14.706022
Angola,AGO,2015,15515.13
Antigua and Barbuda,ATG,2015,29.2607
Argentina,ARG,2015,14141.564
Armenia,ARM,2015,3469.1418
Australia,AUS,2015,1760.9596
Austria,AUT,2015,2921.8083
Azerbaijan,AZE,2015,8698.932
Bahamas,BHS,2015,94.51712
Bahrain,BHR,2015,499.40485
Bangladesh,BGD,2015,158098.06
Barbados,BRB,2015,157.166
Belarus,BLR,2015,9701.387
Belgium,BEL,2015,3806.2576
Belize,BLZ,2015,111.50222
Benin,BEN,2015,12481.068
Bermuda,BMU,2015,9.03299
Bhutan,BTN,2015,654.1164
Bolivia,BOL,2015,6323.2393
Bosnia and Herzegovina,BIH,2015,5180.598
Botswana,BWA,2015,1591.1182
Brazil,BRA,2015,58841.52
Brunei,BRN,2015,37.162926
Bulgaria,BGR,2015,11394.4795
Burkina Faso,BFA,2015,26110.111
Burundi,BDI,2015,10476.881
Cambodia,KHM,2015,17213.617
Cameroon,CMR,2015,23015.305
Canada,CAN,2015,4063.7559
Cape Verde,CPV,2015,350.50812
Central African Republic,CAF,2015,7993.4844
Chad,TCD,2015,20944.635
Chile,CHL,2015,5896.9165
China,CHN,2015,1848574
Colombia,COL,2015,14866.561
Comoros,COM,2015,675.55
Congo,COG,2015,3481.5117
Cook Islands,COK,2015,3.523204
Costa Rica,CRI,2015,979.7962
Cote d'Ivoire,CIV,2015,25692.654
Croatia,HRV,2015,3727.912
Cuba,CUB,2015,6530.3047
Cyprus,CYP,2015,452.71695
Czechia,CZE,2015,6759.5347
Democratic Republic of Congo,COD,2015,72694.805
Denmark,DNK,2015,1451.545
Djibouti,DJI,2015,628.1688
Dominica,DMA,2015,37.811512
Dominican Republic,DOM,2015,4953.1934
East Asia & Pacific (WB),,2015,2484024.8
East Timor,TLS,2015,1164.6654
Eastern Mediterranean Region (WHO),,2015,585916.7
Ecuador,ECU,2015,4531.74
Egypt,EGY,2015,89711.766
El Salvador,SLV,2015,2848.8147
England,,2015,13059.768
Equatorial Guinea,GNQ,2015,490.14136
Eritrea,ERI,2015,5319.2773
Estonia,EST,2015,236.37909
Eswatini,SWZ,2015,868.7997
Ethiopia,ETH,2015,80081.664
Europe & Central Asia (WB),,2015,519849.94
European Region (WHO),,2015,525864.2
Fiji,FJI,2015,649.17865
Finland,FIN,2015,411.06134
France,FRA,2015,15037.469
G20,,2015,4297452
Gabon,GAB,2015,906.6447
Gambia,GMB,2015,1859.376
Georgia,GEO,2015,5001.0044
Germany,DEU,2015,30796.432
Ghana,GHA,2015,24219.764
Greece,GRC,2015,6385.7603
Greenland,GRL,2015,6.8604302
Grenada,GRD,2015,51.296562
Guam,GUM,2015,42.469902
Guatemala,GTM,2015,8988.029
Guinea,GIN,2015,17400.07
Guinea-Bissau,GNB,2015,2077.2483
Guyana,GUY,2015,496.75763
Haiti,HTI,2015,13806.701
High Income (WB),,2015,358850.75
Honduras,HND,2015,5638.7285
Hungary,HUN,2015,9488.334
Iceland,ISL,2015,18.282969
India,IND,2015,1607975.4
Indonesia,IDN,2015,191707.62
Iran,IRN,2015,41746.344
Iraq,IRQ,2015,23419.043
Ireland,IRL,2015,580.52716
Israel,ISR,2015,2473.8005
Italy,ITA,2015,29441.7
Jamaica,JAM,2015,1165.3005
Japan,JPN,2015,39832.945
Jordan,JOR,2015,2567.2468
Kazakhstan,KAZ,2015,12380.359
Kenya,KEN,2015,28413.441
Kiribati,KIR,2015,152.53516
Kuwait,KWT,2015,1257.463
Kyrgyzstan,KGZ,2015,4517.203
Laos,LAO,2015,7669.9087
Latin America & Caribbean (WB),,2015,226341.06
Latvia,LVA,2015,1479.2784
Lebanon,LBN,2015,3492.7976
Lesotho,LSO,2015,2797.6917
Liberia,LBR,2015,3513.0364
Libya,LBY,2015,2880.2852
Lithuania,LTU,2015,1731.8511
Low Income (WB),,2015,688467.5
Lower Middle Income (WB),,2015,3152053.8
Luxembourg,LUX,2015,102.393074
Madagascar,MDG,2015,23309.967
Malawi,MWI,2015,14022.757
Malaysia,MYS,2015,10089.78
Maldives,MDV,2015,68.431206
Mali,MLI,2015,24251.81
Malta,MLT,2015,153.82549
Marshall Islands,MHL,2015,36.65474
Mauritania,MRT,2015,2761.0222
Mauritius,MUS,2015,560.32605
Mexico,MEX,2015,45942.543
Micronesia (country),FSM,2015,86.57252
Middle East & North Africa (WB),,2015,275616.53
Middle Income (WB),,2015,2435503.2
Moldova,MDA,2015,3186.1409
Monaco,MCO,2015,19.133179
Mongolia,MNG,2015,2871.7283
Montenegro,MNE,2015,811.5157
Morocco,MAR,2015,26256.44
Mozambique,MOZ,2015,27304.03
Myanmar,MMR,2015,75101.586
Namibia,NAM,2015,1665.194
Nauru,NRU,2015,1.8134143
Nepal,NPL,2015,40296.23
Netherlands,NLD,2015,4822.612
New Zealand,NZL,2015,287.03262
Nicaragua,NIC,2015,2672.3022
Niger,NER,2015,28196.322
Nigeria,NGA,2015,209544.3
Niue,NIU,2015,0.5425139
North America (WB),,2015,66303.51
North Korea,PRK,2015,54158.19
North Macedonia,MKD,2015,3393.4578
Northern Ireland,,2015,336.67923
Northern Mariana Islands,MNP,2015,18.556633
Norway,NOR,2015,512.51385
OECD Countries,,2015,410781.53
Oman,OMN,2015,1633.4663
Pakistan,PAK,2015,241635.3
Palau,PLW,2015,6.8789415
Palestine,PSE,2015,1793.0885
Panama,PAN,2015,925.7995
Papua New Guinea,PNG,2015,11438.552
Paraguay,PRY,2015,2206.502
Peru,PER,2015,11231.152
Philippines,PHL,2015,76561
Poland,POL,2015,30691.492
Portugal,PRT,2015,2514.229
Puerto Rico,PRI,2015,361.77325
Qatar,QAT,2015,454.11005
Region of the Americas (WHO),,2015,292244.72
Romania,ROU,2015,17709.682
Russia,RUS,2015,92829.23
Rwanda,RWA,2015,8769.935
Saint Kitts and Nevis,KNA,2015,9.768413
Saint Lucia,LCA,2015,72.87817
Saint Vincent and the Grenadines,VCT,2015,64.38317
Samoa,WSM,2015,192.3965
San Marino,SMR,2015,6.319088
Sao Tome and Principe,STP,2015,151.76967
Saudi Arabia,SAU,2015,16513.977
Scotland,,2015,901.0704
Senegal,SEN,2015,12788.49
Serbia,SRB,2015,13662.701
Seychelles,SYC,2015,31.568413
Sierra Leone,SLE,2015,9490.328
Singapore,SGP,2015,1173.8418
Slovakia,SVK,2015,3624.4836
Slovenia,SVN,2015,921.32007
Solomon Islands,SLB,2015,1267.7137
Somalia,SOM,2015,26493.143
South Africa,ZAF,2015,33690.184
South Asia (WB),,2015,2101012.8
South Korea,KOR,2015,19237.527
South Sudan,SSD,2015,10160.203
South-East Asia Region (WHO),,2015,2179980.5
Spain,ESP,2015,12208.572
Sri Lanka,LKA,2015,14057.893
Sub-Saharan Africa (WB),,2015,958333.5
Sudan,SDN,2015,28533.31
Suriname,SUR,2015,328.71622
Sweden,SWE,2015,825.48126
Switzerland,CHE,2015,1853.3506
Syria,SYR,2015,10221.93
Taiwan,TWN,2015,12205.067
Tajikistan,TJK,2015,7526.991
Tanzania,TZA,2015,46685.418
Thailand,THA,2015,36698.285
Togo,TGO,2015,6657.658
Tokelau,TKL,2015,0.19061847
Tonga,TON,2015,56.406654
Trinidad and Tobago,TTO,2015,792.1506
Tunisia,TUN,2015,7028.3096
Turkey,TUR,2015,45334.734
Turkmenistan,TKM,2015,3591.378
Tuvalu,TUV,2015,4.1462436
Uganda,UGA,2015,28976.082
Ukraine,UKR,2015,54396.992
United Arab Emirates,ARE,2015,2487.2715
United Kingdom,GBR,2015,15097.935
United States,USA,2015,62230.72
United States Virgin Islands,VIR,2015,29.04163
Uruguay,URY,2015,848.9828
Uzbekistan,UZB,2015,30260.992
Vanuatu,VUT,2015,382.0803
Venezuela,VEN,2015,10364.3545
Vietnam,VNM,2015,73330.09
Wales,,2015,800.41705
Western Pacific Region (WHO),,2015,2120550
World,OWID_WRL,2015,6638067.5
Yemen,YEM,2015,20229.729
Zambia,ZMB,2015,12073.917
Zimbabwe,ZWE,2015,13245.875
Afghanistan,AFG,2016,37865.094
African Region (WHO),,2016,917994.56
Albania,ALB,2016,2253.1997
Algeria,DZA,2016,20399.496
American Samoa,ASM,2016,14.0292
Andorra,AND,2016,13.618167
Angola,AGO,2016,14973.687
Antigua and Barbuda,ATG,2016,28.937834
Argentina,ARG,2016,14357.786
Armenia,ARM,2016,3390.237
Australia,AUS,2016,1725.171
Austria,AUT,2016,2695.7603
Azerbaijan,AZE,2016,8695.173
Bahamas,BHS,2016,94.87071
Bahrain,BHR,2016,526.77606
Bangladesh,BGD,2016,160162.33
Barbados,BRB,2016,157.40488
Belarus,BLR,2016,9050.536
Belgium,BEL,2016,3668.1917
Belize,BLZ,2016,112.35417
Benin,BEN,2016,12517.559
Bermuda,BMU,2016,9.4160595
Bhutan,BTN,2016,652.9154
Bolivia,BOL,2016,6274.834
Bosnia and Herzegovina,BIH,2016,4976.325
Botswana,BWA,2016,1577.201
Brazil,BRA,2016,59853.953
Brunei,BRN,2016,35.617176
Bulgaria,BGR,2016,11183.606
Burkina Faso,BFA,2016,26739.72
Burundi,BDI,2016,10359.824
Cambodia,KHM,2016,17233.137
Cameroon,CMR,2016,22771.645
Canada,CAN,2016,4131.5713
Cape Verde,CPV,2016,366.9201
Central African Republic,CAF,2016,7965.628
Chad,TCD,2016,21071.635
Chile,CHL,2016,5731.8306
China,CHN,2016,1856582.6
Colombia,COL,2016,14903.701
Comoros,COM,2016,666.6866
Congo,COG,2016,3430.6746
Cook Islands,COK,2016,3.6878414
Costa Rica,CRI,2016,1023.41785
Cote d'Ivoire,CIV,2016,24535.74
Croatia,HRV,2016,3378.1477
Cuba,CUB,2016,6359.265
Cyprus,CYP,2016,425.3405
Czechia,CZE,2016,6527.465
Democratic Republic of Congo,COD,2016,70801.195
Denmark,DNK,2016,1464.5417
Djibouti,DJI,2016,631.5863
Dominica,DMA,2016,36.67854
Dominican Republic,DOM,2016,4961.6553
East Asia & Pacific (WB),,2016,2487812.8
East Timor,TLS,2016,1188.5813
Eastern Mediterranean Region (WHO),,2016,587047.75
Ecuador,ECU,2016,4530.9053
Egypt,EGY,2016,89601.36
El Salvador,SLV,2016,2714.022
England,,2016,12897.854
Equatorial Guinea,GNQ,2016,480.80872
Eritrea,ERI,2016,5311.926
Estonia,EST,2016,209.79532
Eswatini,SWZ,2016,849.29596
Ethiopia,ETH,2016,78849.93
Europe & Central Asia (WB),,2016,493828.38
European Region (WHO),,2016,499717.53
Fiji,FJI,2016,647.57776
Finland,FIN,2016,361.70996
France,FRA,2016,14005.204
G20,,2016,4275151.5
Gabon,GAB,2016,883.3592
Gambia,GMB,2016,1913.1328
Georgia,GEO,2016,5068.531
Germany,DEU,2016,29459.52
Ghana,GHA,2016,24287.625
Greece,GRC,2016,6047.392
Greenland,GRL,2016,7.1132936
Grenada,GRD,2016,52.842678
Guam,GUM,2016,36.9678
Guatemala,GTM,2016,8983.703
Guinea,GIN,2016,17300.92
Guinea-Bissau,GNB,2016,2081.7043
Guyana,GUY,2016,490.122
Haiti,HTI,2016,13903.546
High Income (WB),,2016,349166
Honduras,HND,2016,5616.057
Hungary,HUN,2016,8924.668
Iceland,ISL,2016,17.730375
India,IND,2016,1600196.8
Indonesia,IDN,2016,187296.31
Iran,IRN,2016,42017.145
Iraq,IRQ,2016,23583.875
Ireland,IRL,2016,528.7892
Israel,ISR,2016,2371.4512
Italy,ITA,2016,27300.932
Jamaica,JAM,2016,1152.6776
Japan,JPN,2016,40361.605
Jordan,JOR,2016,2706.5737
Kazakhstan,KAZ,2016,12286.34
Kenya,KEN,2016,28066.295
Kiribati,KIR,2016,152.54962
Kuwait,KWT,2016,1331.128
Kyrgyzstan,KGZ,2016,4267.7363
Laos,LAO,2016,7622.4414
Latin America & Caribbean (WB),,2016,227736.66
Latvia,LVA,2016,1298.1598
Lebanon,LBN,2016,3424.4429
Lesotho,LSO,2016,2692.869
Liberia,LBR,2016,3442.0105
Libya,LBY,2016,2982.009
Lithuania,LTU,2016,1532.109
Low Income (WB),,2016,687538.8
Lower Middle Income (WB),,2016,3130116.5
Luxembourg,LUX,2016,94.515175
Madagascar,MDG,2016,23321.736
Malawi,MWI,2016,13891.904
Malaysia,MYS,2016,10043.888
Maldives,MDV,2016,72.16346
Mali,MLI,2016,25313.812
Malta,MLT,2016,148.7665
Marshall Islands,MHL,2016,36.626244
Mauritania,MRT,2016,2680.707
Mauritius,MUS,2016,571.1648
Mexico,MEX,2016,46109.785
Micronesia (country),FSM,2016,84.03837
Middle East & North Africa (WB),,2016,277719.4
Middle Income (WB),,2016,2435031.8
Moldova,MDA,2016,2797.1672
Monaco,MCO,2016,17.65887
Mongolia,MNG,2016,2958.4792
Montenegro,MNE,2016,796.84045
Morocco,MAR,2016,26950.143
Mozambique,MOZ,2016,26883.545
Myanmar,MMR,2016,74634.96
Namibia,NAM,2016,1655.8757
Nauru,NRU,2016,1.7844554
Nepal,NPL,2016,40592.633
Netherlands,NLD,2016,4811.1357
New Zealand,NZL,2016,289.8191
Nicaragua,NIC,2016,2708.4507
Niger,NER,2016,29008.775
Nigeria,NGA,2016,208371.14
Niue,NIU,2016,0.55336434
North America (WB),,2016,63973.37
North Korea,PRK,2016,54158.27
North Macedonia,MKD,2016,3376.0557
Northern Ireland,,2016,316.7265
Northern Mariana Islands,MNP,2016,17.625038
Norway,NOR,2016,469.9564
OECD Countries,,2016,400052.03
Oman,OMN,2016,1671.2144
Pakistan,PAK,2016,240823.22
Palau,PLW,2016,5.6427183
Palestine,PSE,2016,1783.1324
Panama,PAN,2016,886.00586
Papua New Guinea,PNG,2016,11604.432
Paraguay,PRY,2016,2307.755
Peru,PER,2016,11160.129
Philippines,PHL,2016,76123.71
Poland,POL,2016,30269.453
Portugal,PRT,2016,2444.6946
Puerto Rico,PRI,2016,381.86798
Qatar,QAT,2016,463.63724
Region of the Americas (WHO),,2016,291289.3
Romania,ROU,2016,17345.857
Russia,RUS,2016,84864.3
Rwanda,RWA,2016,8846.458
Saint Kitts and Nevis,KNA,2016,9.856169
Saint Lucia,LCA,2016,78.567345
Saint Vincent and the Grenadines,VCT,2016,63.692616
Samoa,WSM,2016,189.87863
San Marino,SMR,2016,6.3196955
Sao Tome and Principe,STP,2016,147.02953
Saudi Arabia,SAU,2016,16767.059
Scotland,,2016,817.6211
Senegal,SEN,2016,12969.307
Serbia,SRB,2016,12952.621
Seychelles,SYC,2016,33.24292
Sierra Leone,SLE,2016,9364.911
Singapore,SGP,2016,1195.0206
Slovakia,SVK,2016,3442.454
Slovenia,SVN,2016,888.8498
Solomon Islands,SLB,2016,1267.2185
Somalia,SOM,2016,27037.871
South Africa,ZAF,2016,33229.734
South Asia (WB),,2016,2094468.6
South Korea,KOR,2016,19582.658
South Sudan,SSD,2016,9596.169
South-East Asia Region (WHO),,2016,2170685.2
Spain,ESP,2016,11506.398
Sri Lanka,LKA,2016,14103.567
Sub-Saharan Africa (WB),,2016,952937.94
Sudan,SDN,2016,28304.99
Suriname,SUR,2016,324.66748
Sweden,SWE,2016,776.8441
Switzerland,CHE,2016,1649.9899
Syria,SYR,2016,10186.248
Taiwan,TWN,2016,12234.065
Tajikistan,TJK,2016,7665.4565
Tanzania,TZA,2016,46422.62
Thailand,THA,2016,37626.87
Togo,TGO,2016,6689.89
Tokelau,TKL,2016,0.2032481
Tonga,TON,2016,55.44015
Trinidad and Tobago,TTO,2016,816.7843
Tunisia,TUN,2016,7065.632
Turkey,TUR,2016,44749.652
Turkmenistan,TKM,2016,3587.4878
Tuvalu,TUV,2016,4.0916543
Uganda,UGA,2016,29519.322
Ukraine,UKR,2016,48676.53
United Arab Emirates,ARE,2016,2678.6074
United Kingdom,GBR,2016,14769.833
United States,USA,2016,59832.383
United States Virgin Islands,VIR,2016,29.44989
Uruguay,URY,2016,829.40607
Uzbekistan,UZB,2016,30206.48
Vanuatu,VUT,2016,392.31216
Venezuela,VEN,2016,10689.683
Vietnam,VNM,2016,72409.29
Wales,,2016,737.6314
Western Pacific Region (WHO),,2016,2128268
World,OWID_WRL,2016,6605030.5
Yemen,YEM,2016,20429.113
Zambia,ZMB,2016,12008.641
Zimbabwe,ZWE,2016,13131.069
Afghanistan,AFG,2017,37535.05
African Region (WHO),,2017,907307.2
Albania,ALB,2017,2259.826
Algeria,DZA,2017,20756.348
American Samoa,ASM,2017,14.134522
Andorra,AND,2017,12.861301
Angola,AGO,2017,14587.694
Antigua and Barbuda,ATG,2017,28.678104
Argentina,ARG,2017,13857.854
Armenia,ARM,2017,3339.4568
Australia,AUS,2017,1697.2941
Austria,AUT,2017,2527.3926
Azerbaijan,AZE,2017,8695.964
Bahamas,BHS,2017,94.92749
Bahrain,BHR,2017,560.8984
Bangladesh,BGD,2017,167501.66
Barbados,BRB,2017,157.7973
Belarus,BLR,2017,8669.697
Belgium,BEL,2017,3659.7502
Belize,BLZ,2017,113.57238
Benin,BEN,2017,12523.125
Bermuda,BMU,2017,9.828069
Bhutan,BTN,2017,651.33453
Bolivia,BOL,2017,6195.9414
Bosnia and Herzegovina,BIH,2017,4850.5645
Botswana,BWA,2017,1580.7333
Brazil,BRA,2017,58945.48
Brunei,BRN,2017,34.035942
Bulgaria,BGR,2017,11014.848
Burkina Faso,BFA,2017,27290.92
Burundi,BDI,2017,10447.587
Cambodia,KHM,2017,17269.43
Cameroon,CMR,2017,22333.494
Canada,CAN,2017,4129.488
Cape Verde,CPV,2017,368.93646
Central African Republic,CAF,2017,7976.6943
Chad,TCD,2017,21276.709
Chile,CHL,2017,5766.7764
China,CHN,2017,1840440.6
Colombia,COL,2017,14917.369
Comoros,COM,2017,660.83307
Congo,COG,2017,3402.663
Cook Islands,COK,2017,3.820568
Costa Rica,CRI,2017,1012.3027
Cote d'Ivoire,CIV,2017,23700.852
Croatia,HRV,2017,3314.047
Cuba,CUB,2017,6373.86
Cyprus,CYP,2017,410.00827
Czechia,CZE,2017,6440.19
Democratic Republic of Congo,COD,2017,69446.16
Denmark,DNK,2017,1485.6447
Djibouti,DJI,2017,637.40674
Dominica,DMA,2017,35.762165
Dominican Republic,DOM,2017,4829.6675
East Asia & Pacific (WB),,2017,2468276
East Timor,TLS,2017,1206.384
Eastern Mediterranean Region (WHO),,2017,586143.3
Ecuador,ECU,2017,4514.1235
Egypt,EGY,2017,88462.19
El Salvador,SLV,2017,2609.3572
England,,2017,12836.805
Equatorial Guinea,GNQ,2017,469.145
Eritrea,ERI,2017,5289.518
Estonia,EST,2017,193.57516
Eswatini,SWZ,2017,837.3336
Ethiopia,ETH,2017,78446.79
Europe & Central Asia (WB),,2017,475656.03
European Region (WHO),,2017,481494.2
Fiji,FJI,2017,645.79193
Finland,FIN,2017,336.6385
France,FRA,2017,13727.046
G20,,2017,4244102.5
Gabon,GAB,2017,862.1782
Gambia,GMB,2017,1983.9507
Georgia,GEO,2017,4978.4585
Germany,DEU,2017,28453.686
Ghana,GHA,2017,24222.086
Greece,GRC,2017,5914.0957
Greenland,GRL,2017,7.2918773
Grenada,GRD,2017,51.87878
Guam,GUM,2017,31.260921
Guatemala,GTM,2017,8854.553
Guinea,GIN,2017,16952.727
Guinea-Bissau,GNB,2017,2060.7136
Guyana,GUY,2017,479.82764
Haiti,HTI,2017,13901.2705
High Income (WB),,2017,345147.53
Honduras,HND,2017,5566.8267
Hungary,HUN,2017,8856.124
Iceland,ISL,2017,17.247318
India,IND,2017,1604105.4
Indonesia,IDN,2017,183667.77
Iran,IRN,2017,42243.1
Iraq,IRQ,2017,23818.78
Ireland,IRL,2017,507.76437
Israel,ISR,2017,2342.699
Italy,ITA,2017,26317.146
Jamaica,JAM,2017,1142.904
Japan,JPN,2017,40585.76
Jordan,JOR,2017,2822.2146
Kazakhstan,KAZ,2017,12170.621
Kenya,KEN,2017,27829.066
Kiribati,KIR,2017,152.2445
Kuwait,KWT,2017,1398.7596
Kyrgyzstan,KGZ,2017,4201.917
Laos,LAO,2017,7606.245
Latin America & Caribbean (WB),,2017,226704.25
Latvia,LVA,2017,1205.9473
Lebanon,LBN,2017,3355.7903
Lesotho,LSO,2017,2601.0415
Liberia,LBR,2017,3357.125
Libya,LBY,2017,3101.411
Lithuania,LTU,2017,1324.2229
Low Income (WB),,2017,684635.8
Lower Middle Income (WB),,2017,3123183.2
Luxembourg,LUX,2017,92.67045
Madagascar,MDG,2017,23384.227
Malawi,MWI,2017,13630.606
Malaysia,MYS,2017,9839.357
Maldives,MDV,2017,76.88557
Mali,MLI,2017,25771.848
Malta,MLT,2017,146.05174
Marshall Islands,MHL,2017,36.48447
Mauritania,MRT,2017,2675.6074
Mauritius,MUS,2017,583.8262
Mexico,MEX,2017,46808.11
Micronesia (country),FSM,2017,81.18561
Middle East & North Africa (WB),,2017,279497.8
Middle Income (WB),,2017,2408119.2
Moldova,MDA,2017,2426.2925
Monaco,MCO,2017,16.375381
Mongolia,MNG,2017,3027.079
Montenegro,MNE,2017,781.53864
Morocco,MAR,2017,27856.172
Mozambique,MOZ,2017,26597.42
Myanmar,MMR,2017,74322.53
Namibia,NAM,2017,1638.0977
Nauru,NRU,2017,1.7649108
Nepal,NPL,2017,40954.45
Netherlands,NLD,2017,4840.828
New Zealand,NZL,2017,285.83606
Nicaragua,NIC,2017,2674.792
Niger,NER,2017,29558.285
Nigeria,NGA,2017,203340.1
Niue,NIU,2017,0.5641581
North America (WB),,2017,61904.12
North Korea,PRK,2017,54251.863
North Macedonia,MKD,2017,3356.6997
Northern Ireland,,2017,307.66345
Northern Mariana Islands,MNP,2017,16.37662
Norway,NOR,2017,426.66022
OECD Countries,,2017,395670.88
Oman,OMN,2017,1673.0007
Pakistan,PAK,2017,238758.52
Palau,PLW,2017,4.326069
Palestine,PSE,2017,1765.6829
Panama,PAN,2017,840.61
Papua New Guinea,PNG,2017,11846.177
Paraguay,PRY,2017,2302.2615
Peru,PER,2017,11135.557
Philippines,PHL,2017,75510.086
Poland,POL,2017,30526.594
Portugal,PRT,2017,2414.3801
Puerto Rico,PRI,2017,393.24268
Qatar,QAT,2017,479.63632
Region of the Americas (WHO),,2017,288175.06
Romania,ROU,2017,17182.861
Russia,RUS,2017,75992.44
Rwanda,RWA,2017,8898.346
Saint Kitts and Nevis,KNA,2017,10.02959
Saint Lucia,LCA,2017,79.20719
Saint Vincent and the Grenadines,VCT,2017,63.564987
Samoa,WSM,2017,186.21274
San Marino,SMR,2017,6.2766957
Sao Tome and Principe,STP,2017,142.87202
Saudi Arabia,SAU,2017,17087.193
Scotland,,2017,753.7921
Senegal,SEN,2017,12850.79
Serbia,SRB,2017,12824.6455
Seychelles,SYC,2017,34.62105
Sierra Leone,SLE,2017,9362.417
Singapore,SGP,2017,1215.7705
Slovakia,SVK,2017,3447.9736
Slovenia,SVN,2017,887.78235
Solomon Islands,SLB,2017,1279.519
Somalia,SOM,2017,27221.95
South Africa,ZAF,2017,32619.27
South Asia (WB),,2017,2103777.2
South Korea,KOR,2017,20600.06
South Sudan,SSD,2017,9187.182
South-East Asia Region (WHO),,2017,2179192
Spain,ESP,2017,11153.559
Sri Lanka,LKA,2017,14194.031
Sub-Saharan Africa (WB),,2017,941913.56
Sudan,SDN,2017,28140.791
Suriname,SUR,2017,312.88446
Sweden,SWE,2017,744.8416
Switzerland,CHE,2017,1512.9794
Syria,SYR,2017,10252.379
Taiwan,TWN,2017,11990.146
Tajikistan,TJK,2017,7686.297
Tanzania,TZA,2017,45992.94
Thailand,THA,2017,38259.754
Togo,TGO,2017,6719.7397
Tokelau,TKL,2017,0.21484676
Tonga,TON,2017,54.245716
Trinidad and Tobago,TTO,2017,824.751
Tunisia,TUN,2017,7154.951
Turkey,TUR,2017,44077.254
Turkmenistan,TKM,2017,3546.2305
Tuvalu,TUV,2017,4.02443
Uganda,UGA,2017,28178.668
Ukraine,UKR,2017,45427.25
United Arab Emirates,ARE,2017,2886.6008
United Kingdom,GBR,2017,14598.068
United States,USA,2017,57764.805
United States Virgin Islands,VIR,2017,30.249903
Uruguay,URY,2017,800.9951
Uzbekistan,UZB,2017,30150.219
Vanuatu,VUT,2017,400.2105
Venezuela,VEN,2017,10977.2705
Vietnam,VNM,2017,71712.02
Wales,,2017,699.8078
Western Pacific Region (WHO),,2017,2112075.8
World,OWID_WRL,2017,6564254.5
Yemen,YEM,2017,20696.537
Zambia,ZMB,2017,11949.997
Zimbabwe,ZWE,2017,12925.8955
Afghanistan,AFG,2018,37160.492
African Region (WHO),,2018,900959.94
Albania,ALB,2018,2267.953
Algeria,DZA,2018,21458.572
American Samoa,ASM,2018,14.179179
Andorra,AND,2018,13.314413
Angola,AGO,2018,14418.781
Antigua and Barbuda,ATG,2018,29.320938
Argentina,ARG,2018,13696.814
Armenia,ARM,2018,3310.4988
Australia,AUS,2018,1811.9518
Austria,AUT,2018,2568.427
Azerbaijan,AZE,2018,8558.728
Bahamas,BHS,2018,98.37415
Bahrain,BHR,2018,593.7503
Bangladesh,BGD,2018,170421.92
Barbados,BRB,2018,163.87141
Belarus,BLR,2018,8541.421
Belgium,BEL,2018,3732.952
Belize,BLZ,2018,119.75955
Benin,BEN,2018,12288.212
Bermuda,BMU,2018,9.763193
Bhutan,BTN,2018,652.8585
Bolivia,BOL,2018,6206.2026
Bosnia and Herzegovina,BIH,2018,4850.3833
Botswana,BWA,2018,1587.6311
Brazil,BRA,2018,60006.69
Brunei,BRN,2018,36.3151
Bulgaria,BGR,2018,11095.271
Burkina Faso,BFA,2018,27706.008
Burundi,BDI,2018,10837.079
Cambodia,KHM,2018,17451.107
Cameroon,CMR,2018,22333.262
Canada,CAN,2018,4384.349
Cape Verde,CPV,2018,427.75833
Central African Republic,CAF,2018,7941.3896
Chad,TCD,2018,21509.404
Chile,CHL,2018,5958.8496
China,CHN,2018,1828242.6
Colombia,COL,2018,15362.982
Comoros,COM,2018,649.80286
Congo,COG,2018,3430.024
Cook Islands,COK,2018,3.9026618
Costa Rica,CRI,2018,1046.85
Cote d'Ivoire,CIV,2018,23503.014
Croatia,HRV,2018,3343.437
Cuba,CUB,2018,6355.9014
Cyprus,CYP,2018,429.02942
Czechia,CZE,2018,6606.0366
Democratic Republic of Congo,COD,2018,69695.766
Denmark,DNK,2018,1511.7485
Djibouti,DJI,2018,648.1648
Dominica,DMA,2018,36.1716
Dominican Republic,DOM,2018,4779.7207
East Asia & Pacific (WB),,2018,2462339
East Timor,TLS,2018,1228.7959
Eastern Mediterranean Region (WHO),,2018,587954.3
Ecuador,ECU,2018,4639.438
Egypt,EGY,2018,89879.414
El Salvador,SLV,2018,2573.2993
England,,2018,13244.614
Equatorial Guinea,GNQ,2018,477.68088
Eritrea,ERI,2018,5299.8047
Estonia,EST,2018,199.4445
Eswatini,SWZ,2018,832.2688
Ethiopia,ETH,2018,77863.055
Europe & Central Asia (WB),,2018,479249.6
European Region (WHO),,2018,485121.88
Fiji,FJI,2018,641.5055
Finland,FIN,2018,365.68588
France,FRA,2018,14051.3125
G20,,2018,4280264.5
Gabon,GAB,2018,876.87866
Gambia,GMB,2018,1976.8206
Georgia,GEO,2018,4878.4
Germany,DEU,2018,28768.977
Ghana,GHA,2018,23814.004
Greece,GRC,2018,6105.6543
Greenland,GRL,2018,7.590239
Grenada,GRD,2018,52.707764
Guam,GUM,2018,32.311367
Guatemala,GTM,2018,8913.884
Guinea,GIN,2018,16710.543
Guinea-Bissau,GNB,2018,2016.9989
Guyana,GUY,2018,474.64856
Haiti,HTI,2018,13972.405
High Income (WB),,2018,354249.78
Honduras,HND,2018,5630.7266
Hungary,HUN,2018,8886.763
Iceland,ISL,2018,18.491358
India,IND,2018,1644708.5
Indonesia,IDN,2018,184877.17
Iran,IRN,2018,42453.87
Iraq,IRQ,2018,24601.97
Ireland,IRL,2018,519.5883
Israel,ISR,2018,2403.5444
Italy,ITA,2018,27243.63
Jamaica,JAM,2018,1146.6665
Japan,JPN,2018,41757.33
Jordan,JOR,2018,2970.8074
Kazakhstan,KAZ,2018,12115.19
Kenya,KEN,2018,27762.502
Kiribati,KIR,2018,152.5569
Kuwait,KWT,2018,1468.7621
Kyrgyzstan,KGZ,2018,4125.3105
Laos,LAO,2018,7671.7754
Latin America & Caribbean (WB),,2018,229481.16
Latvia,LVA,2018,1216.8126
Lebanon,LBN,2018,3363.295
Lesotho,LSO,2018,2540.8508
Liberia,LBR,2018,3355.7532
Libya,LBY,2018,3264.0332
Lithuania,LTU,2018,1334.8716
Low Income (WB),,2018,685332.06
Lower Middle Income (WB),,2018,3163857.2
Luxembourg,LUX,2018,96.90761
Madagascar,MDG,2018,23590.123
Malawi,MWI,2018,13671.602
Malaysia,MYS,2018,10302.995
Maldives,MDV,2018,79.67532
Mali,MLI,2018,25836.184
Malta,MLT,2018,152.38542
Marshall Islands,MHL,2018,36.2477
Mauritania,MRT,2018,2639.155
Mauritius,MUS,2018,605.21625
Mexico,MEX,2018,47054.64
Micronesia (country),FSM,2018,80.44481
Middle East & North Africa (WB),,2018,285169.53
Middle Income (WB),,2018,2398926.8
Moldova,MDA,2018,2425.827
Monaco,MCO,2018,16.31177
Mongolia,MNG,2018,3127.205
Montenegro,MNE,2018,757.8652
Morocco,MAR,2018,28629.895
Mozambique,MOZ,2018,26618.326
Myanmar,MMR,2018,74417.1
Namibia,NAM,2018,1615.7212
Nauru,NRU,2018,1.7189367
Nepal,NPL,2018,41425.727
Netherlands,NLD,2018,4946.6304
New Zealand,NZL,2018,318.72864
Nicaragua,NIC,2018,2725.127
Niger,NER,2018,29461.275
Nigeria,NGA,2018,199795.86
Niue,NIU,2018,0.574275
North America (WB),,2018,63424.145
North Korea,PRK,2018,54672.477
North Macedonia,MKD,2018,3323.9429
Northern Ireland,,2018,322.67282
Northern Mariana Islands,MNP,2018,16.363924
Norway,NOR,2018,447.77594
OECD Countries,,2018,403543.56
Oman,OMN,2018,1593.0646
Pakistan,PAK,2018,235473.69
Palau,PLW,2018,4.4172034
Palestine,PSE,2018,1794.2632
Panama,PAN,2018,824.67694
Papua New Guinea,PNG,2018,12123.691
Paraguay,PRY,2018,2288.288
Peru,PER,2018,11255.466
Philippines,PHL,2018,74941.92
Poland,POL,2018,31007.97
Portugal,PRT,2018,2412.3179
Puerto Rico,PRI,2018,416.40338
Qatar,QAT,2018,510.991
Region of the Americas (WHO),,2018,292448
Romania,ROU,2018,17128.133
Russia,RUS,2018,75689.836
Rwanda,RWA,2018,9109.634
Saint Kitts and Nevis,KNA,2018,10.489874
Saint Lucia,LCA,2018,81.875496
Saint Vincent and the Grenadines,VCT,2018,64.80763
Samoa,WSM,2018,183.86295
San Marino,SMR,2018,6.494557
Sao Tome and Principe,STP,2018,141.30838
Saudi Arabia,SAU,2018,17510.957
Scotland,,2018,813.4742
Senegal,SEN,2018,12513.602
Serbia,SRB,2018,12801.101
Seychelles,SYC,2018,35.41714
Sierra Leone,SLE,2018,9402.68
Singapore,SGP,2018,1308.4047
Slovakia,SVK,2018,3497.755
Slovenia,SVN,2018,914.61945
Solomon Islands,SLB,2018,1302.9103
Somalia,SOM,2018,27837.578
South Africa,ZAF,2018,30552.92
South Asia (WB),,2018,2143917.8
South Korea,KOR,2018,21644.572
South Sudan,SSD,2018,9107.407
South-East Asia Region (WHO),,2018,2226118.5
Spain,ESP,2018,11557.256
Sri Lanka,LKA,2018,13995.026
Sub-Saharan Africa (WB),,2018,935460.75
Sudan,SDN,2018,28121.791
Suriname,SUR,2018,309.8157
Sweden,SWE,2018,770.2654
Switzerland,CHE,2018,1565.6626
Syria,SYR,2018,10438.826
Taiwan,TWN,2018,12206.666
Tajikistan,TJK,2018,7478.1235
Tanzania,TZA,2018,45633.543
Thailand,THA,2018,39639.414
Togo,TGO,2018,6686.917
Tokelau,TKL,2018,0.2214338
Tonga,TON,2018,53.142162
Trinidad and Tobago,TTO,2018,852.9001
Tunisia,TUN,2018,7326.4014
Turkey,TUR,2018,43717.934
Turkmenistan,TKM,2018,3593.7168
Tuvalu,TUV,2018,3.9439375
Uganda,UGA,2018,28036.783
Ukraine,UKR,2018,46431.465
United Arab Emirates,ARE,2018,3110.6184
United Kingdom,GBR,2018,15114.077
United States,USA,2018,59030.035
United States Virgin Islands,VIR,2018,31.152225
Uruguay,URY,2018,813.35785
Uzbekistan,UZB,2018,30204.613
Vanuatu,VUT,2018,408.72543
Venezuela,VEN,2018,11486.871
Vietnam,VNM,2018,71626.29
Wales,,2018,733.3156
Western Pacific Region (WHO),,2018,2102957
World,OWID_WRL,2018,6605559.5
Yemen,YEM,2018,20995.963
Zambia,ZMB,2018,11847.725
Zimbabwe,ZWE,2018,12744.71
Afghanistan,AFG,2019,37033.06
African Region (WHO),,2019,897242.4
Albania,ALB,2019,2276.2664
Algeria,DZA,2019,22161.947
American Samoa,ASM,2019,13.871938
Andorra,AND,2019,13.507521
Angola,AGO,2019,14384.342
Antigua and Barbuda,ATG,2019,30.495865
Argentina,ARG,2019,13777.693
Armenia,ARM,2019,3287.2236
Australia,AUS,2019,1906.8344
Austria,AUT,2019,2654.94
Azerbaijan,AZE,2019,8642.608
Bahamas,BHS,2019,102.294785
Bahrain,BHR,2019,638.2231
Bangladesh,BGD,2019,173514.77
Barbados,BRB,2019,175.09918
Belarus,BLR,2019,8569.642
Belgium,BEL,2019,3786.874
Belize,BLZ,2019,124.35153
Benin,BEN,2019,12238.178
Bermuda,BMU,2019,9.61829
Bhutan,BTN,2019,659.6131
Bolivia,BOL,2019,6254.7446
Bosnia and Herzegovina,BIH,2019,4836.801
Botswana,BWA,2019,1596.0182
Brazil,BRA,2019,60914.605
Brunei,BRN,2019,40.01248
Bulgaria,BGR,2019,11013.15
Burkina Faso,BFA,2019,27716.94
Burundi,BDI,2019,11013.77
Cambodia,KHM,2019,17621.85
Cameroon,CMR,2019,22432.516
Canada,CAN,2019,4380.7144
Cape Verde,CPV,2019,419.5394
Central African Republic,CAF,2019,7918.637
Chad,TCD,2019,21709.482
Chile,CHL,2019,6244.416
China,CHN,2019,1848273.5
Colombia,COL,2019,15711.092
Comoros,COM,2019,646.4098
Congo,COG,2019,3470.3516
Cook Islands,COK,2019,3.8698096
Costa Rica,CRI,2019,1067.6973
Cote d'Ivoire,CIV,2019,23053.102
Croatia,HRV,2019,3389.8755
Cuba,CUB,2019,6144.2246
Cyprus,CYP,2019,457.99158
Czechia,CZE,2019,6606.6226
Democratic Republic of Congo,COD,2019,69502.84
Denmark,DNK,2019,1466.5736
Djibouti,DJI,2019,658.4013
Dominica,DMA,2019,36.969936
Dominican Republic,DOM,2019,4766.2183
East Asia & Pacific (WB),,2019,2489619.5
East Timor,TLS,2019,1243.2778
Eastern Mediterranean Region (WHO),,2019,594627.3
Ecuador,ECU,2019,4761.923
Egypt,EGY,2019,91663.01
El Salvador,SLV,2019,2574.032
England,,2019,13115.558
Equatorial Guinea,GNQ,2019,485.62726
Eritrea,ERI,2019,5335.524
Estonia,EST,2019,206.77403
Eswatini,SWZ,2019,831.7984
Ethiopia,ETH,2019,77020.09
Europe & Central Asia (WB),,2019,482790.56
European Region (WHO),,2019,488701.94
Fiji,FJI,2019,633.5166
Finland,FIN,2019,416.62653
France,FRA,2019,14333.675
G20,,2019,4334076.5
Gabon,GAB,2019,895.4813
Gambia,GMB,2019,1986.8064
Georgia,GEO,2019,4787.222
Germany,DEU,2019,29252.176
Ghana,GHA,2019,23792.066
Greece,GRC,2019,6218.682
Greenland,GRL,2019,7.382384
Grenada,GRD,2019,53.969734
Guam,GUM,2019,35.64456
Guatemala,GTM,2019,9065.297
Guinea,GIN,2019,16242.395
Guinea-Bissau,GNB,2019,1998.2994
Guyana,GUY,2019,466.15332
Haiti,HTI,2019,14017.506
High Income (WB),,2019,361489.12
Honduras,HND,2019,5720.3384
Hungary,HUN,2019,8616.981
Iceland,ISL,2019,18.75725
India,IND,2019,1667331.1
Indonesia,IDN,2019,186267.11
Iran,IRN,2019,43202.598
Iraq,IRQ,2019,25626.06
Ireland,IRL,2019,552.4662
Israel,ISR,2019,2455.5823
Italy,ITA,2019,27902.062
Jamaica,JAM,2019,1159.5779
Japan,JPN,2019,42565.18
Jordan,JOR,2019,3131.3005
Kazakhstan,KAZ,2019,12038.943
Kenya,KEN,2019,27738.986
Kiribati,KIR,2019,152.05423
Kuwait,KWT,2019,1543.1056
Kyrgyzstan,KGZ,2019,4159.277
Laos,LAO,2019,7765.699
Latin America & Caribbean (WB),,2019,234046.62
Latvia,LVA,2019,1233.6523
Lebanon,LBN,2019,3381.8005
Lesotho,LSO,2019,2499.4485
Liberia,LBR,2019,3376.0579
Libya,LBY,2019,3444.8174
Lithuania,LTU,2019,1340.2695
Low Income (WB),,2019,685895.6
Lower Middle Income (WB),,2019,3192377.2
Luxembourg,LUX,2019,102.5001
Madagascar,MDG,2019,23747.992
Malawi,MWI,2019,13716.546
Malaysia,MYS,2019,10960.192
Maldives,MDV,2019,80.54979
Mali,MLI,2019,25871.768
Malta,MLT,2019,161.80487
Marshall Islands,MHL,2019,35.814957
Mauritania,MRT,2019,2627.5486
Mauritius,MUS,2019,620.7193
Mexico,MEX,2019,48331.57
Micronesia (country),FSM,2019,80.49535
Middle East & North Africa (WB),,2019,292068
Middle Income (WB),,2019,2428765
Moldova,MDA,2019,2419.3267
Monaco,MCO,2019,16.43425
Mongolia,MNG,2019,3267.9163
Montenegro,MNE,2019,737.86304
Morocco,MAR,2019,29248.768
Mozambique,MOZ,2019,26921.111
Myanmar,MMR,2019,74544.37
Namibia,NAM,2019,1590.8368
Nauru,NRU,2019,1.6533846
Nepal,NPL,2019,42114.8
Netherlands,NLD,2019,4969.913
New Zealand,NZL,2019,334.23703
Nicaragua,NIC,2019,2759.727
Niger,NER,2019,29504.654
Nigeria,NGA,2019,197566.73
Niue,NIU,2019,0.5753565
North America (WB),,2019,64619.547
North Korea,PRK,2019,55153.875
North Macedonia,MKD,2019,3301.391
Northern Ireland,,2019,328.91116
Northern Mariana Islands,MNP,2019,16.54099
Norway,NOR,2019,454.02185
OECD Countries,,2019,411083.4
Oman,OMN,2019,1575.6522
Pakistan,PAK,2019,235657.06
Palau,PLW,2019,4.532669
Palestine,PSE,2019,1847.6962
Panama,PAN,2019,823.42633
Papua New Guinea,PNG,2019,12351.213
Paraguay,PRY,2019,2283.8015
Peru,PER,2019,11413.773
Philippines,PHL,2019,74782.63
Poland,POL,2019,31119.236
Portugal,PRT,2019,2410.8008
Puerto Rico,PRI,2019,433.78183
Qatar,QAT,2019,544.9858
Region of the Americas (WHO),,2019,298190.66
Romania,ROU,2019,17138.232
Russia,RUS,2019,77516.5
Rwanda,RWA,2019,9285.9375
Saint Kitts and Nevis,KNA,2019,11.725836
Saint Lucia,LCA,2019,84.80199
Saint Vincent and the Grenadines,VCT,2019,66.58887
Samoa,WSM,2019,180.83748
San Marino,SMR,2019,6.638177
Sao Tome and Principe,STP,2019,140.43959
Saudi Arabia,SAU,2019,18036.389
Scotland,,2019,818.15106
Senegal,SEN,2019,12482.702
Serbia,SRB,2019,12667.566
Seychelles,SYC,2019,35.778973
Sierra Leone,SLE,2019,9371.064
Singapore,SGP,2019,1373.6794
Slovakia,SVK,2019,3573.4297
Slovenia,SVN,2019,939.9932
Solomon Islands,SLB,2019,1320.0702
Somalia,SOM,2019,28333.53
South Africa,ZAF,2019,29829.814
South Asia (WB),,2019,2170505
South Korea,KOR,2019,23115.16
South Sudan,SSD,2019,9087.732
South-East Asia Region (WHO),,2019,2255901.2
Spain,ESP,2019,11785.009
Sri Lanka,LKA,2019,14114
Sub-Saharan Africa (WB),,2019,931576.6
Sudan,SDN,2019,28162.68
Suriname,SUR,2019,307.52942
Sweden,SWE,2019,758.1653
Switzerland,CHE,2019,1607.5931
Syria,SYR,2019,10671.273
Taiwan,TWN,2019,12527.495
Tajikistan,TJK,2019,7454.604
Tanzania,TZA,2019,45491.023
Thailand,THA,2019,40877.75
Togo,TGO,2019,6712.506
Tokelau,TKL,2019,0.22325423
Tonga,TON,2019,51.59583
Trinidad and Tobago,TTO,2019,892.3261
Tunisia,TUN,2019,7529.5547
Turkey,TUR,2019,44166.484
Turkmenistan,TKM,2019,3607.9587
Tuvalu,TUV,2019,3.8030102
Uganda,UGA,2019,27677.447
Ukraine,UKR,2019,46129.14
United Arab Emirates,ARE,2019,3360.6897
United Kingdom,GBR,2019,15026.206
United States,USA,2019,60229.215
United States Virgin Islands,VIR,2019,32.110313
Uruguay,URY,2019,819.8382
Uzbekistan,UZB,2019,30095.912
Vanuatu,VUT,2019,415.96478
Venezuela,VEN,2019,12616.925
Vietnam,VNM,2019,71701.02
Wales,,2019,763.5865
Western Pacific Region (WHO),,2019,2126917.2
World,OWID_WRL,2019,6671739.5
Yemen,YEM,2019,21184.354
Zambia,ZMB,2019,11826.412
Zimbabwe,ZWE,2019,12666.934
