Country,Region
Afghanistan,Asia & Pacific
Aland Islands,Europe
Albania,Europe
Algeria,Arab States
American Samoa,Asia & Pacific
Andorra,Europe
Angola,Africa
Anguilla,South/Latin America
Antarctica,Asia & Pacific
Antigua and Barbuda,South/Latin America
Argentina,South/Latin America
Armenia,Europe
Aruba,South/Latin America
Australia,Asia & Pacific
Austria,Europe
Azerbaijan,Asia & Pacific
Bahamas,South/Latin America
Bahrain,Arab States
Bangladesh,Asia & Pacific
Barbados,South/Latin America
Belarus,Europe
Belgium,Europe
Belize,South/Latin America
Benin,Africa
Bermuda,South/Latin America
Bhutan,Asia & Pacific
Bolivia,South/Latin America
Bosnia and Herzegovina,Europe
Botswana,Africa
Bouvet Island,South/Latin America
Brazil,South/Latin America
British Indian Ocean Territory,Asia & Pacific
Brunei Darussalam,Asia & Pacific
Bulgaria,Europe
Burkina Faso,Africa
Burundi,Africa
Cambodia,Asia & Pacific
Cameroon,Africa
Canada,North America
Cape Verde,Africa
Cayman Islands,South/Latin America
Central African Republic,Africa
Chad,Africa
Chile,South/Latin America
China,Asia & Pacific
Christmas Island,Asia & Pacific
Cocos (Keeling) Islands,Asia & Pacific
Colombia,South/Latin America
Comoros,Arab States
Congo,Africa
"Congo, The Democratic Republic of the",Africa
Cook Islands,Asia & Pacific
Costa Rica,South/Latin America
Côte D'Ivoire,Africa
Croatia,Europe
Cuba,South/Latin America
Cyprus,Europe
Czech Republic,Europe
Denmark,Europe
Djibouti,Arab States
Dominica,South/Latin America
Dominican Republic,South/Latin America
Ecuador,South/Latin America
Egypt,Middle east
El Salvador,South/Latin America
Equatorial Guinea,Africa
Eritrea,Africa
Estonia,Europe
Eswatini,Africa
Ethiopia,Africa
Falkland Islands (Malvinas),South/Latin America
Faroe Islands,Europe
Fiji,Asia & Pacific
Finland,Europe
France,Europe
"France, Metropolitan",Europe
French Guiana,South/Latin America
French Polynesia,Asia & Pacific
French Southern Territories,Asia & Pacific
Gabon,Africa
Gambia,Africa
Georgia,Europe
Germany,Europe
Ghana,Africa
Gibraltar,Europe
Greece,Europe
Greenland,Europe
Grenada,South/Latin America
Guadeloupe,South/Latin America
Guam,Asia & Pacific
Guatemala,South/Latin America
Guernsey,Europe
Guinea,Africa
Guinea-Bissau,Africa
Guyana,South/Latin America
Haiti,South/Latin America
Heard Island and McDonald Islands,Asia & Pacific
Holy See (Vatican City State),Europe
Honduras,South/Latin America
Hong Kong,Asia & Pacific
Hungary,Europe
Iceland,Europe
India,Asia & Pacific
Indonesia,Asia & Pacific
"Iran, Islamic Republic of",Middle east
Iraq,Middle east
Ireland,Europe
Isle of Man,Europe
Israel,Middle east
Italy,Europe
Jamaica,South/Latin America
Japan,Asia & Pacific
Jersey,Europe
Jordan,Middle east
Kazakhstan,Asia & Pacific
Kenya,Africa
Kiribati,Asia & Pacific
"Korea, Democratic People's Republic of",Asia & Pacific
"Korea, Republic of",Asia & Pacific
Kuwait,Middle east
Kyrgyzstan,Asia & Pacific
Lao People's Democratic Republic,Asia & Pacific
Latvia,Europe
Lebanon,Middle east
Lesotho,Africa
Liberia,Africa
Libya,Middle east
Liechtenstein,Europe
Lithuania,Europe
Luxembourg,Europe
Macau,Asia & Pacific
Macedonia,Europe
Madagascar,Africa
Malawi,Africa
Malaysia,Asia & Pacific
Maldives,Asia & Pacific
Mali,Africa
Malta,Europe
Marshall Islands,Asia & Pacific
Martinique,South/Latin America
Mauritania,Arab States
Mauritius,Africa
Mayotte,Africa
Mexico,South/Latin America
"Micronesia, Federated States of",Asia & Pacific
"Moldova, Republic of",Europe
Monaco,Europe
Mongolia,Asia & Pacific
Montenegro,Europe
Montserrat,South/Latin America
Morocco,Arab States
Mozambique,Africa
Myanmar,Asia & Pacific
Namibia,Africa
Nauru,Asia & Pacific
Nepal,Asia & Pacific
Netherlands,Europe
Netherlands Antilles,South/Latin America
New Caledonia,Asia & Pacific
New Zealand,Asia & Pacific
Nicaragua,South/Central America
Niger,Africa
Nigeria,Africa
Niue,Asia & Pacific
Norfolk Island,Asia & Pacific
Northern Mariana Islands,Asia & Pacific
Norway,Europe
Oman,Middle east
Pakistan,Asia & Pacific
Palau,Asia & Pacific
Palestinian Territory,Arab States
Panama,South/Latin America
Papua New Guinea,Asia & Pacific
Paraguay,South/Latin America
Peru,South/Latin America
Philippines,Asia & Pacific
Pitcairn Islands,Asia & Pacific
Poland,Europe
Portugal,Europe
Puerto Rico,South/Latin America
Qatar,Middle east
Reunion,Asia & Pacific
Romania,Europe
Russian Federation,Europe
Rwanda,Africa
Saint Barthelemy,South/Latin America
Saint Helena,Africa
Saint Kitts and Nevis,South/Latin America
Saint Lucia,South/Latin America
Saint Martin,South/Latin America
Saint Pierre and Miquelon,North America
Saint Vincent and the Grenadines,South/Latin America
Samoa,Asia & Pacific
San Marino,Europe
Sao Tome and Principe,Africa
Saudi Arabia,Middle east
Senegal,Africa
Serbia,Europe
Seychelles,Africa
Sierra Leone,Africa
Singapore,Asia & Pacific
Slovakia,Europe
Slovenia,Europe
Solomon Islands,Asia & Pacific
Somalia,Arab States
South Africa,Africa
South Georgia and the South Sandwich Islands,South/Latin America
South Sudan,Africa
Spain,Europe
Sri Lanka,Asia & Pacific
Sudan,Arab States
Suriname,South/Latin America
Svalbard and Jan Mayen,Europe
Sweden,Europe
Switzerland,Europe
Syrian Arab Republic,Asia & Pacific
Taiwan,Asia & Pacific
Tajikistan,Asia & Pacific
"Tanzania, United Republic of",Africa
Thailand,Asia & Pacific
Timor-Leste,Asia & Pacific
Togo,Africa
Tokelau,Asia & Pacific
Tonga,Asia & Pacific
Trinidad and Tobago,South/Latin America
Tunisia,Arab States
Turkey,Europe
Turkmenistan,Asia & Pacific
Turks and Caicos Islands,South/Latin America
Tuvalu,Asia & Pacific
Uganda,Africa
Ukraine,Europe
United Arab Emirates,Middle east
United Kingdom,Europe
United States,North America
United States Minor Outlying Islands,Asia & Pacific
Uruguay,South/Latin America
Uzbekistan,Asia & Pacific
Vanuatu,Asia & Pacific
Venezuela,South/Latin America
Vietnam,Asia & Pacific
"Virgin Islands, British",South/Latin America
"Virgin Islands, U.S.",South/Latin America
Wallis and Futuna,Asia & Pacific
Western Sahara,Africa
Yemen,Middle east
Zambia,Africa
Zimbabwe,Africa
